id,duration,datetime_upload,uploader_id,url,doccano_text
9nl0lzFDLOs,292,2023-11-12,@AfDFraktionimBundestag,https://www.youtube.com/watch?v=9nl0lzFDLOs,"
    So dreist bereichern sich die Altparteien! - Fabian Jacobi - AfD-Fraktion im Bundestag

    ----------------------------------------

    Offizieller Kanal der AfD-Fraktion im Deutschen Bundestag
Jetzt abonnieren ► https://www.youtube.com/channel/UC_dZp8bZipnjntBGLVHm6rw/about?sub_confirmation=1

Unsere Webseite
https://afdbundestag.de/

Andere Social Media Kanäle
Facebook: https://www.facebook.com/afdimbundestag/
Twitter: https://twitter.com/AfDimBundestag/
Instagram: https://www.instagram.com/afdimbundestag
Telegram: https://t.me/afdfraktionimbundestag
TikTok: https://www.tiktok.com/@afdfraktionimbundestag
"
q4I8kEYzMkw,329,2019-03-20,@AfDFraktionimBundestag,https://www.youtube.com/watch?v=q4I8kEYzMkw,"
    Staatsinterventionismus geht immer schief! - Peter Boehringer - AfD-Fraktion im Bundestag

    ----------------------------------------

    Folge uns auch auf Telegram: https://t.me/afdfraktionimbundestag Offizieller Kanal der AfD-Fraktion im Deutschen Bundestag
Jetzt abonnieren ► https://www.youtube.com/channel/UC_dZp8bZipnjntBGLVHm6rw/about?sub_confirmation=1

Andere Social Media Kanäle
AfD-Fraktion in Facebook:
https://www.facebook.com/afdimbundestag/
AfD-Fraktion auf Twitter:
https://twitter.com/AfDimBundestag/
AfD-Fraktion auf Instagram:
https://www.instagram.com/afdimbundestag
"
IpedFCprDKc,272,2020-01-15,@AfDFraktionimBundestag,https://www.youtube.com/watch?v=IpedFCprDKc,"
    Die EU kann und darf kein Staat werden! - Fabian Jacobi

    ----------------------------------------

    Folge uns auch auf Telegram: https://t.me/afdfraktionimbundestag Zum Gesetzesentwurf der Regierung, die Verunglimpfung der EU unter Straftatbestand zu stellen, erklärt der #AfD-Abgeordnete Fabian Jacobi: ""Die EU kann und darf kein Staat werden!""

Offizieller Kanal der AfD-Fraktion im Deutschen Bundestag
Jetzt abonnieren ► https://www.youtube.com/channel/UC_dZp8bZipnjntBGLVHm6rw/about?sub_confirmation=1

Andere Social Media Kanäle
AfD-Fraktion in Facebook:
https://www.facebook.com/afdimbundestag/
AfD-Fraktion auf Twitter:
https://twitter.com/AfDimBundestag/
AfD-Fraktion auf Instagram:
https://www.instagram.com/afdimbundestag
"
--SFhG5pFUc,75,2018-05-24,@AfDFraktionimBundestag,https://www.youtube.com/watch?v=--SFhG5pFUc,"
    Alexander Gauland von Grünen-Abgeordneter attackiert! - AfD-Fraktion im Bundestag

    ----------------------------------------

    Folge uns auch auf Telegram: https://t.me/afdfraktionimbundestag In Frankfurt wurde unser Fraktionsvorsitzender Alexander Gauland von der grünen Abgeordneten Daniela Capelluti hart angegangen und beleidigt.

Offizieller Kanal der AfD-Fraktion im Deutschen Bundestag
Jetzt abonnieren ► https://www.youtube.com/channel/UC_dZp8bZipnjntBGLVHm6rw/about?sub_confirmation=1

Andere Social Media Kanäle
AfD-Fraktion in Facebook:
https://www.facebook.com/afdimbundestag/
AfD-Fraktion auf Twitter:
https://twitter.com/AfDimBundestag/
AfD-Fraktion auf Instagram:
https://www.instagram.com/afdimbundestag
"
vYMfUz4UTWg,296,2018-10-11,@AfDFraktionimBundestag,https://www.youtube.com/watch?v=vYMfUz4UTWg,"
    Detlev Spangenberg: Bürger haben ein Recht auf Vertragssicherheit! - AfD-Fraktion im Bundestag

    ----------------------------------------

    Folge uns auch auf Telegram: https://t.me/afdfraktionimbundestag Offizieller Kanal der AfD-Fraktion im Deutschen Bundestag
Jetzt abonnieren ► https://www.youtube.com/channel/UC_dZp8bZipnjntBGLVHm6rw/about?sub_confirmation=1

Andere Social Media Kanäle
AfD-Fraktion in Facebook:
https://www.facebook.com/afdimbundestag/
AfD-Fraktion auf Twitter:
https://twitter.com/AfDimBundestag/
AfD-Fraktion auf Instagram:
https://www.instagram.com/afdimbundestag
"
P7rgXoBqeCo,260,2021-02-04,@AfDFraktionimBundestag,https://www.youtube.com/watch?v=P7rgXoBqeCo,"
    Logik darf man von den Grünen nicht erwarten! - Anton Friesen - AfD-Fraktion im Bundestag

    ----------------------------------------

    Folge uns auf Telegram: https://t.me/afdfraktionimbundestag

Offizieller Kanal der AfD-Fraktion im Deutschen Bundestag
Jetzt abonnieren ► https://www.youtube.com/channel/UC_dZp8bZipnjntBGLVHm6rw/about?sub_confirmation=1

Andere Social Media Kanäle
AfD-Fraktion in Facebook:
https://www.facebook.com/afdimbundestag/
AfD-Fraktion auf Twitter:
https://twitter.com/AfDimBundestag/
AfD-Fraktion auf Instagram:
https://www.instagram.com/afdimbundestag
"
aQRa83XNaE8,924,2018-10-24,@AfDFraktionimBundestag,https://www.youtube.com/watch?v=aQRa83XNaE8,"
    1 Jahr AfD-Fraktion im Bundestag!

    ----------------------------------------

    Folge uns auch auf Telegram: https://t.me/afdfraktionimbundestag Am 24.10.2017, also vor genau einem Jahr, konstituierte sich der Bundestag. Zum ersten Mal dabei: Die AfD-Fraktion. Was wir innerhalb des vergangenen Jahres bewegt und welche Eindrücke unsere Abgeordneten gesammelt haben, schildern sie in diesem Video!

Offizieller Kanal der AfD-Fraktion im Deutschen Bundestag
Jetzt abonnieren ► https://www.youtube.com/channel/UC_dZp8bZipnjntBGLVHm6rw/about?sub_confirmation=1

Andere Social Media Kanäle
AfD-Fraktion in Facebook:
https://www.facebook.com/afdimbundestag/
AfD-Fraktion auf Twitter:
https://twitter.com/AfDimBundestag/
AfD-Fraktion auf Instagram:
https://www.instagram.com/afdimbundestag
"
WBoPW1QifL4,286,2021-07-01,@AfDFraktionimBundestag,https://www.youtube.com/watch?v=WBoPW1QifL4,"
    Michael Espendiller fordert die Freilassung des GEZ-Inhaftierten Georg Thiel! - AfD-Fraktion

    ----------------------------------------

    Folge uns auf Telegram: https://t.me/afdfraktionimbundestag

Offizieller Kanal der AfD-Fraktion im Deutschen Bundestag
Jetzt abonnieren ► https://www.youtube.com/channel/UC_dZp8bZipnjntBGLVHm6rw/about?sub_confirmation=1

Andere Social Media Kanäle
AfD-Fraktion in Facebook:
https://www.facebook.com/afdimbundestag/
AfD-Fraktion auf Twitter:
https://twitter.com/AfDimBundestag/
AfD-Fraktion auf Instagram:
https://www.instagram.com/afdimbundestag
"
j5U-Sl9g7Sk,341,2018-06-08,@AfDFraktionimBundestag,https://www.youtube.com/watch?v=j5U-Sl9g7Sk,"
    Mit Ihrem EU-Wahnsinn treiben Sie alles auf die Spitze! - Kay Gottschalk - AfD-Fraktion im Bundestag

    ----------------------------------------

    Folge uns auch auf Telegram: https://t.me/afdfraktionimbundestag Aktuelle Stunde zur Gemeinsamen Agrarpolitik, insbesondere zum Insektenschutz.

Offizieller Kanal der AfD-Fraktion im Deutschen Bundestag
Jetzt abonnieren ► https://www.youtube.com/channel/UC_dZp8bZipnjntBGLVHm6rw/about?sub_confirmation=1

Andere Social Media Kanäle
AfD-Fraktion in Facebook:
https://www.facebook.com/afdimbundestag/
AfD-Fraktion auf Twitter:
https://twitter.com/AfDimBundestag/
AfD-Fraktion auf Instagram:
https://www.instagram.com/afdimbundestag
"
V4Adc_-MifQ,298,2020-11-25,@AfDFraktionimBundestag,https://www.youtube.com/watch?v=V4Adc_-MifQ,"
    Das ist ökonomisch der größte Schwachsinn! - Martin Sichert - AfD-Fraktion im Bundestag

    ----------------------------------------

    Folge uns auch auf Telegram: https://t.me/afdfraktionimbundestag Diese ganze Umverteilung von deutschem Steuergeld an andere EU-Länder ist nur eine brutale Ausbeutung deutscher Erwerbstätiger. Man presst ihnen immer mehr Geld ab, bürdet ihnen immer mehr Steuern und Schulden auf, die sie abarbeiten müssen und finanziert damit Steuersenkungen und soziale Wohltaten in anderen Ländern. Nicht mit der AfD!

Offizieller Kanal der AfD-Fraktion im Deutschen Bundestag
Jetzt abonnieren ► https://www.youtube.com/channel/UC_dZp8bZipnjntBGLVHm6rw/about?sub_confirmation=1

Andere Social Media Kanäle
AfD-Fraktion in Facebook:
https://www.facebook.com/afdimbundestag/
AfD-Fraktion auf Twitter:
https://twitter.com/AfDimBundestag/
AfD-Fraktion auf Instagram:
https://www.instagram.com/afdimbundestag
"
ny3hXp0z9cI,1477,2019-02-01,@AfDFraktionimBundestag,https://www.youtube.com/watch?v=ny3hXp0z9cI,"
    Das ""Kanadische Modell"" - Kay Gottschalk - AfD-Bürgerdialog Herne

    ----------------------------------------

    Folge uns auch auf Telegram: https://t.me/afdfraktionimbundestag Offizieller Kanal der AfD-Fraktion im Deutschen Bundestag
Jetzt abonnieren ► https://www.youtube.com/channel/UC_dZp8bZipnjntBGLVHm6rw/about?sub_confirmation=1

Andere Social Media Kanäle
AfD-Fraktion in Facebook:
https://www.facebook.com/afdimbundestag/
AfD-Fraktion auf Twitter:
https://twitter.com/AfDimBundestag/
AfD-Fraktion auf Instagram:
https://www.instagram.com/afdimbundestag
"
ZBmo-vgj9xE,318,2018-03-22,@AfDFraktionimBundestag,https://www.youtube.com/watch?v=ZBmo-vgj9xE,"
    Sie opfern das Wohl des deutschen Volkes! - Uwe Witt - AfD-Fraktion im Bundestag

    ----------------------------------------

    Folge uns auch auf Telegram: https://t.me/afdfraktionimbundestag Zum Thema Arbeit und Soziales. Jetzt Kanal abonnieren:
https://www.youtube.com/channel/UC_dZp8bZipnjntBGLVHm6rw/about?sub_confirmation=1

AfD-Fraktion in Facebook:
https://www.facebook.com/afdimbundestag/
AfD-Fraktion auf Twitter:
https://twitter.com/AfDimBundestag/
AfD-Fraktion auf Instagram:
https://www.instagram.com/afdimbundestag
"
l016ZJJOlNY,252,2023-05-16,@AfDFraktionimBundestag,https://www.youtube.com/watch?v=l016ZJJOlNY,"
    Das Zentralisierungsbestreben der WHO sofort stoppen! Dr. Christina Baum - AfD-Fraktion im Bundestag

    ----------------------------------------

    Offizieller Kanal der AfD-Fraktion im Deutschen Bundestag
Jetzt abonnieren ► https://www.youtube.com/channel/UC_dZp8bZipnjntBGLVHm6rw/about?sub_confirmation=1

Unsere Webseite
https://afdbundestag.de/

Andere Social Media Kanäle
Facebook: https://www.facebook.com/afdimbundestag/
Twitter: https://twitter.com/AfDimBundestag/
Instagram: https://www.instagram.com/afdimbundestag
Telegram: https://t.me/afdfraktionimbundestag
TikTok: https://www.tiktok.com/@afdfraktionimbundestag
GETTR: https://www.gettr.com/user/afdbundestag
"
8GFdbbXopoo,243,2020-04-23,@AfDFraktionimBundestag,https://www.youtube.com/watch?v=8GFdbbXopoo,"
    Nicht in die Eigentumsrechte von Unternehmen eingreifen! - Leif-Erik Holm - AfD-Fraktion

    ----------------------------------------

    Folge uns auch auf Telegram: https://t.me/afdfraktionimbundestag ""Geologische Daten von Unternehmen dürfen nicht einfach öffentlich gemacht werden, um geeignete Flächen für ein Atommüllendlager zu finden. Das ist nicht verfassungskonform"", so der stellv. Fraktionsvorsitzende der AfD-Fraktion im Deutschen Bundestag, Leif-Erik Holm.

Offizieller Kanal der AfD-Fraktion im Deutschen Bundestag
Jetzt abonnieren ► https://www.youtube.com/channel/UC_dZp8bZipnjntBGLVHm6rw/about?sub_confirmation=1

Andere Social Media Kanäle
AfD-Fraktion in Facebook:
https://www.facebook.com/afdimbundestag/
AfD-Fraktion auf Twitter:
https://twitter.com/AfDimBundestag/
AfD-Fraktion auf Instagram:
https://www.instagram.com/afdimbundestag
"
kGUSbJwIw_o,259,2020-05-15,@AfDFraktionimBundestag,https://www.youtube.com/watch?v=kGUSbJwIw_o,"
    Kritik an der EU darf nicht bestraft werden! - Fabian Jacobi - AfD-Fraktion im Bundestag

    ----------------------------------------

    Folge uns auch auf Telegram: https://t.me/afdfraktionimbundestag Man will unter Strafandrohung die EU auf eine Stufe mit der Republik stellen - das wird es mit der AfD-Fraktion nicht geben.

Offizieller Kanal der AfD-Fraktion im Deutschen Bundestag
Jetzt abonnieren ► https://www.youtube.com/channel/UC_dZp8bZipnjntBGLVHm6rw/about?sub_confirmation=1

Andere Social Media Kanäle
AfD-Fraktion in Facebook:
https://www.facebook.com/afdimbundestag/
AfD-Fraktion auf Twitter:
https://twitter.com/AfDimBundestag/
AfD-Fraktion auf Instagram:
https://www.instagram.com/afdimbundestag
"
_Qi91JHda7k,270,2019-09-12,@AfDFraktionimBundestag,https://www.youtube.com/watch?v=_Qi91JHda7k,"
    Verachtung von Frauen ist Lehrstoff des Islam! - Gottfried Curio - AfD-Fraktion im Bundestag

    ----------------------------------------

    Folge uns auch auf Telegram: https://t.me/afdfraktionimbundestag #Islam #Seehofer #AfD

Offizieller Kanal der AfD-Fraktion im Deutschen Bundestag
Jetzt abonnieren ► https://www.youtube.com/channel/UC_dZp8bZipnjntBGLVHm6rw/about?sub_confirmation=1

Andere Social Media Kanäle
AfD-Fraktion in Facebook:
https://www.facebook.com/afdimbundestag/
AfD-Fraktion auf Twitter:
https://twitter.com/AfDimBundestag/
AfD-Fraktion auf Instagram:
https://www.instagram.com/afdimbundestag
"
cl-7ZlEj_3g,261,2019-09-27,@AfDFraktionimBundestag,https://www.youtube.com/watch?v=cl-7ZlEj_3g,"
    ""Freiheit geht nicht ohne Sicherheit!"" - Albrecht Glaser

    ----------------------------------------

    Folge uns auch auf Telegram: https://t.me/afdfraktionimbundestag Gewährleistung von innerer Sicherheit für unsere Bürger ist das oberste Ziel.

Offizieller Kanal der AfD-Fraktion im Deutschen Bundestag
Jetzt abonnieren ► https://www.youtube.com/channel/UC_dZp8bZipnjntBGLVHm6rw/about?sub_confirmation=1

Andere Social Media Kanäle
AfD-Fraktion in Facebook:
https://www.facebook.com/afdimbundestag/
AfD-Fraktion auf Twitter:
https://twitter.com/AfDimBundestag/
AfD-Fraktion auf Instagram:
https://www.instagram.com/afdimbundestag
"
QEoUFPkrnBI,343,2021-03-07,@AfDFraktionimBundestag,https://www.youtube.com/watch?v=QEoUFPkrnBI,"
    Skandalös: Union und SPD verhindern Debatte über Korruption! - Prof. Lothar Maier - AfD-Fraktion

    ----------------------------------------

    Folge uns auf Telegram: https://t.me/afdfraktionimbundestag

Offizieller Kanal der AfD-Fraktion im Deutschen Bundestag
Jetzt abonnieren ► https://www.youtube.com/channel/UC_dZp8bZipnjntBGLVHm6rw/about?sub_confirmation=1

Andere Social Media Kanäle
AfD-Fraktion in Facebook:
https://www.facebook.com/afdimbundestag/
AfD-Fraktion auf Twitter:
https://twitter.com/AfDimBundestag/
AfD-Fraktion auf Instagram:
https://www.instagram.com/afdimbundestag
"
Lg4v9plzH4o,163,2021-11-18,@AfDFraktionimBundestag,https://www.youtube.com/watch?v=Lg4v9plzH4o,"
    ""Das sind keine Flüchtlinge, sondern Angreifer!"" - Martin Hess - AfD-Fraktion im Bundestag

    ----------------------------------------

    Europa wird angegriffen, Migranten werden als Waffe eingesetzt. Wer polnische Grenzschützer angreift, mit Steinen bewirft, wer Baumstämme verwendet, um Grenzanlagen zu durchbrechen, wer Grenzen gewaltsam stürmt, ist kein Flüchtling, sondern ein Angreifer. Polen verdient unsere volle Unterstützung. Die AfD-Fraktion hat hierzu einen Entschließungsantrag eingebracht: Massenmigration über Polen muss mit grenzpolizeilichen Maßnahmen rechtzeitig verhindert werden. Wir müssen sicherstellen, dass nicht noch mehr von Lukaschenkos Migranten nach Europa drängen und daher gilt es die Fluchtroute über Minsk nach Polen zu schließen. Europa muss zur Festung werden!

Offizieller Kanal der AfD-Fraktion im Deutschen Bundestag
Jetzt abonnieren ► https://www.youtube.com/channel/UC_dZp8bZipnjntBGLVHm6rw/about?sub_confirmation=1

Andere Social Media Kanäle
AfD-Fraktion in Facebook:
https://www.facebook.com/afdimbundestag/
AfD-Fraktion auf Twitter:
https://twitter.com/AfDimBundestag/
AfD-Fraktion auf Instagram:
https://www.instagram.com/afdimbundestag
AfD-Fraktion auf Telegram:
https://t.me/afdfraktionimbundestag
"
MNriq5jDL6Y,272,2023-11-11,@AfDFraktionimBundestag,https://www.youtube.com/watch?v=MNriq5jDL6Y,"
    Die Innenstädte fliegen Ihnen um die Ohren! - Tobias Peterka - AfD-Fraktion im Bundestag

    ----------------------------------------

    Offizieller Kanal der AfD-Fraktion im Deutschen Bundestag
Jetzt abonnieren ► https://www.youtube.com/channel/UC_dZp8bZipnjntBGLVHm6rw/about?sub_confirmation=1

Unsere Webseite
https://afdbundestag.de/

Andere Social Media Kanäle
Facebook: https://www.facebook.com/afdimbundestag/
Twitter: https://twitter.com/AfDimBundestag/
Instagram: https://www.instagram.com/afdimbundestag
Telegram: https://t.me/afdfraktionimbundestag
TikTok: https://www.tiktok.com/@afdfraktionimbundestag
"
Dur0_P_99iM,271,2020-01-17,@AfDFraktionimBundestag,https://www.youtube.com/watch?v=Dur0_P_99iM,"
    Bedingungen für Menschen mit Behinderungen endlich verbessern! - Uwe Witt - AfD-Fraktion

    ----------------------------------------

    Folge uns auch auf Telegram: https://t.me/afdfraktionimbundestag Offizieller Kanal der AfD-Fraktion im Deutschen Bundestag
Jetzt abonnieren ► https://www.youtube.com/channel/UC_dZp8bZipnjntBGLVHm6rw/about?sub_confirmation=1

Andere Social Media Kanäle
AfD-Fraktion in Facebook:
https://www.facebook.com/afdimbundestag/
AfD-Fraktion auf Twitter:
https://twitter.com/AfDimBundestag/
AfD-Fraktion auf Instagram:
https://www.instagram.com/afdimbundestag
"
xNdblJ7Dc9U,337,2022-02-18,@AfDFraktionimBundestag,https://www.youtube.com/watch?v=xNdblJ7Dc9U,"
    AfD-Politiker Martin Hess rechnet mit Antifa-Ministerin Faeser ab! - AfD-Fraktion im Bundestag

    ----------------------------------------

    Offizieller Kanal der AfD-Fraktion im Deutschen Bundestag
Jetzt abonnieren ► https://www.youtube.com/channel/UC_dZp8bZipnjntBGLVHm6rw/about?sub_confirmation=1

Andere Social Media Kanäle
Facebook: https://www.facebook.com/afdimbundestag/
Twitter: https://twitter.com/AfDimBundestag/
Instagram: https://www.instagram.com/afdimbundestag
Telegram: https://t.me/afdfraktionimbundestag
TikTok: https://www.tiktok.com/@afdfraktionimbundestag
GETTR: https://www.gettr.com/user/afdbundestag
"
L2DwDXF1lw0,323,2023-03-15,@AfDFraktionimBundestag,https://www.youtube.com/watch?v=L2DwDXF1lw0,"
    Karsten Hilse rechnet mit grüner Klima-Politik ab! AfD-Fraktion im Bundestag

    ----------------------------------------

    Offizieller Kanal der AfD-Fraktion im Deutschen Bundestag
Jetzt abonnieren ► https://www.youtube.com/channel/UC_dZp8bZipnjntBGLVHm6rw/about?sub_confirmation=1

Unsere Webseite
https://afdbundestag.de/

Andere Social Media Kanäle
Facebook: https://www.facebook.com/afdimbundestag/
Twitter: https://twitter.com/AfDimBundestag/
Instagram: https://www.instagram.com/afdimbundestag
Telegram: https://t.me/afdfraktionimbundestag
TikTok: https://www.tiktok.com/@afdfraktionimbundestag
GETTR: https://www.gettr.com/user/afdbundestag
"
AjiUm98llkY,356,2018-03-22,@AfDFraktionimBundestag,https://www.youtube.com/watch?v=AjiUm98llkY,"
    Einwanderung in die Sozialsysteme stoppen! - Prof. Dr. Heiko Heßenkemper - AfD-Fraktion im Bundestag

    ----------------------------------------

    Folge uns auch auf Telegram: https://t.me/afdfraktionimbundestag Themenpunkt: Wirtschaft und Energie. Jetzt Kanal abonnieren:
https://www.youtube.com/channel/UC_dZp8bZipnjntBGLVHm6rw/about?sub_confirmation=1

AfD-Fraktion in Facebook:
https://www.facebook.com/afdimbundestag/
AfD-Fraktion auf Twitter:
https://twitter.com/AfDimBundestag/
AfD-Fraktion auf Instagram:
https://www.instagram.com/afdimbundestag
"
mpoL7dk4gNE,225,2020-06-19,@AfDFraktionimBundestag,https://www.youtube.com/watch?v=mpoL7dk4gNE,"
    Sie auf der Regierungsbank haben überhaupt keine Ahnung! - Dirk Spaniel - AfD-Fraktion im Bundestag

    ----------------------------------------

    Folge uns auch auf Telegram: https://t.me/afdfraktionimbundestag Offizieller Kanal der AfD-Fraktion im Deutschen Bundestag
Jetzt abonnieren ► https://www.youtube.com/channel/UC_dZp8bZipnjntBGLVHm6rw/about?sub_confirmation=1

Andere Social Media Kanäle
AfD-Fraktion in Facebook:
https://www.facebook.com/afdimbundestag/
AfD-Fraktion auf Twitter:
https://twitter.com/AfDimBundestag/
AfD-Fraktion auf Instagram:
https://www.instagram.com/afdimbundestag
"
u4TLOIS1xFk,704,2022-09-28,@AfDFraktionimBundestag,https://www.youtube.com/watch?v=u4TLOIS1xFk,"
    Das ist nichts anderes als Volksverarsche! René Springer im Bürgerdialog - AfD-Fraktion im Bundestag

    ----------------------------------------

    René Springer spricht Klartext! Der Bürgerdialog in Hoppegarten war ein voller Erfolg!

Offizieller Kanal der AfD-Fraktion im Deutschen Bundestag
Jetzt abonnieren ► https://www.youtube.com/channel/UC_dZp8bZipnjntBGLVHm6rw/about?sub_confirmation=1

Andere Social Media Kanäle
Facebook: https://www.facebook.com/afdimbundestag/
Twitter: https://twitter.com/AfDimBundestag/
Instagram: https://www.instagram.com/afdimbundestag
Telegram: https://t.me/afdfraktionimbundestag
TikTok: https://www.tiktok.com/@afdfraktionimbundestag
GETTR: https://www.gettr.com/user/afdbundestag
"
UyoIl_f4uiI,1132,2023-11-20,@AfDFraktionimBundestag,https://www.youtube.com/watch?v=UyoIl_f4uiI,"
    Corona-Untersuchungsausschuss Brandenburg - Lars Hünich MdL Brandenburg -  AfD-Fraktion im Bundestag

    ----------------------------------------

    Am 11. und 12. November 2023 fand das 2. Corona-Symposium der AfD-Fraktion im Deutschen Bundestag statt. Zwei Tage lang machten ausgewiesene Experten wie Prof. Dr. Sucharit Bhakdi, Prof. Dr. Stefan Homburg, Prof. Dr. Andreas Sönnichsen, Dr. Ronald Weikl, Dr. Gunter Frank, der Datenanalyst Tom Lausen, Prof. Dr. Paul Cullen oder der Pathologe Prof. Dr. Walter Lang die Veranstaltung aufgrund ihrer hohen Fachkompetenz für alle Beteiligten zu einem unvergesslichen Ereignis.

Die auf dem Symposium getätigten Aussagen spiegeln die Meinung des jeweiligen Referenten wider.

Offizieller Kanal der AfD-Fraktion im Deutschen Bundestag
Jetzt abonnieren ► https://www.youtube.com/channel/UC_dZp8bZipnjntBGLVHm6rw/about?sub_confirmation=1

Unsere Webseite
https://afdbundestag.de/

Andere Social Media Kanäle
Facebook: https://www.facebook.com/afdimbundestag/
Twitter: https://twitter.com/AfDimBundestag/
Instagram: https://www.instagram.com/afdimbundestag
Telegram: https://t.me/afdfraktionimbundestag
TikTok: https://www.tiktok.com/@afdfraktionimbundestag
"
_H87SorDSF0,276,2020-11-21,@AfDFraktionimBundestag,https://www.youtube.com/watch?v=_H87SorDSF0,"
    Grüner Mumpitz: AfD-MdB Wolfgang Wiehle schwant Übles! - AfD-Fraktion im Bundestag

    ----------------------------------------

    Folge uns auch auf Telegram: https://t.me/afdfraktionimbundestag Der Schutz von Radfahrern vor abbiegenden LKW ist wichtig, doch die von den Grünen geforderte Zwangsumrüstung sämtlicher Bestands-LKW in Deutschland zieht Kosten von 4,5 Milliarden Euro nach sich und soll wie üblich auf den kleinen Mann abgewälzt werden. Um den Verkehr sicherer zu machen, schlägt die AfD ein Rechtsüberholt-Verbot für Radfahrer an Straßen ohne separaten Radweg vor. So ließen sich viele Verletzte oder gar Tote verhindern.

Offizieller Kanal der AfD-Fraktion im Deutschen Bundestag
Jetzt abonnieren ► https://www.youtube.com/channel/UC_dZp8bZipnjntBGLVHm6rw/about?sub_confirmation=1

Andere Social Media Kanäle
AfD-Fraktion in Facebook:
https://www.facebook.com/afdimbundestag/
AfD-Fraktion auf Twitter:
https://twitter.com/AfDimBundestag/
AfD-Fraktion auf Instagram:
https://www.instagram.com/afdimbundestag
"
HoSv4qfDGj4,215,2022-04-12,@AfDFraktionimBundestag,https://www.youtube.com/watch?v=HoSv4qfDGj4,"
    Ihr Antrag ist nichts als ein zahnloser Tiger! Dr. Malte Kaufmann - AfD-Fraktion im Bundestag

    ----------------------------------------

    Offizieller Kanal der AfD-Fraktion im Deutschen Bundestag
Jetzt abonnieren ► https://www.youtube.com/channel/UC_dZp8bZipnjntBGLVHm6rw/about?sub_confirmation=1

Andere Social Media Kanäle
Facebook: https://www.facebook.com/afdimbundestag/
Twitter: https://twitter.com/AfDimBundestag/
Instagram: https://www.instagram.com/afdimbundestag
Telegram: https://t.me/afdfraktionimbundestag
TikTok: https://www.tiktok.com/@afdfraktionimbundestag
GETTR: https://www.gettr.com/user/afdbundestag
"
HwnCdwkc62U,256,2019-04-05,@AfDFraktionimBundestag,https://www.youtube.com/watch?v=HwnCdwkc62U,"
    Keine Rüstungsexporte nach Saudi-Arabien! - Dr. Robby Schlund - AfD-Fraktion im Bundestag

    ----------------------------------------

    Folge uns auch auf Telegram: https://t.me/afdfraktionimbundestag #Rüstungsexporte

Offizieller Kanal der AfD-Fraktion im Deutschen Bundestag
Jetzt abonnieren ► https://www.youtube.com/channel/UC_dZp8bZipnjntBGLVHm6rw/about?sub_confirmation=1

Andere Social Media Kanäle
AfD-Fraktion in Facebook:
https://www.facebook.com/afdimbundestag/
AfD-Fraktion auf Twitter:
https://twitter.com/AfDimBundestag/
AfD-Fraktion auf Instagram:
https://www.instagram.com/afdimbundestag
"
KEl2d_bR9ZA,274,2020-05-07,@AfDFraktionimBundestag,https://www.youtube.com/watch?v=KEl2d_bR9ZA,"
    Kinder sind keine Virenschleudern! - Martin Reichardt - AfD-Fraktion im Bundestag

    ----------------------------------------

    Folge uns auch auf Telegram: https://t.me/afdfraktionimbundestag Offizieller Kanal der AfD-Fraktion im Deutschen Bundestag
Jetzt abonnieren ► https://www.youtube.com/channel/UC_dZp8bZipnjntBGLVHm6rw/about?sub_confirmation=1

Andere Social Media Kanäle
AfD-Fraktion in Facebook:
https://www.facebook.com/afdimbundestag/
AfD-Fraktion auf Twitter:
https://twitter.com/AfDimBundestag/
AfD-Fraktion auf Instagram:
https://www.instagram.com/afdimbundestag
"
vM-ZtRPeCZo,259,2018-12-13,@AfDFraktionimBundestag,https://www.youtube.com/watch?v=vM-ZtRPeCZo,"
    Brexit-Debatte: Es gibt sehr wohl ein Leben nach der EU! - Dr. Harald Weyel - AfD-Fraktion

    ----------------------------------------

    Folge uns auch auf Telegram: https://t.me/afdfraktionimbundestag Offizieller Kanal der AfD-Fraktion im Deutschen Bundestag
Jetzt abonnieren ► https://www.youtube.com/channel/UC_dZp8bZipnjntBGLVHm6rw/about?sub_confirmation=1

Andere Social Media Kanäle
AfD-Fraktion in Facebook:
https://www.facebook.com/afdimbundestag/
AfD-Fraktion auf Twitter:
https://twitter.com/AfDimBundestag/
AfD-Fraktion auf Instagram:
https://www.instagram.com/afdimbundestag
"
ApNUJ45dE-w,391,2022-05-19,@AfDFraktionimBundestag,https://www.youtube.com/watch?v=ApNUJ45dE-w,"
    Herr Scholz, vertreten Sie endlich deutsche Interessen! - Alice Weidel - AfD-Fraktion im Bundestag

    ----------------------------------------

    Offizieller Kanal der AfD-Fraktion im Deutschen Bundestag
Jetzt abonnieren ► https://www.youtube.com/channel/UC_dZp8bZipnjntBGLVHm6rw/about?sub_confirmation=1

Andere Social Media Kanäle
Facebook: https://www.facebook.com/afdimbundestag/
Twitter: https://twitter.com/AfDimBundestag/
Instagram: https://www.instagram.com/afdimbundestag
Telegram: https://t.me/afdfraktionimbundestag
TikTok: https://www.tiktok.com/@afdfraktionimbundestag
GETTR: https://www.gettr.com/user/afdbundestag
"
O3d1ZixJuvk,1129,2019-05-02,@AfDFraktionimBundestag,https://www.youtube.com/watch?v=O3d1ZixJuvk,"
    Geostrategie hinter der Massenmigration - Udo Hemmelgarn - AfD-Bürgerdialog Witten 29.04.2019

    ----------------------------------------

    Folge uns auch auf Telegram: https://t.me/afdfraktionimbundestag MdB Udo Hemmelgarn beim Bürgerdialog in Witten am 29. April 2019.

Offizieller Kanal der AfD-Fraktion im Deutschen Bundestag
Jetzt abonnieren ► https://www.youtube.com/channel/UC_dZp8bZipnjntBGLVHm6rw/about?sub_confirmation=1

Andere Social Media Kanäle
AfD-Fraktion in Facebook:
https://www.facebook.com/afdimbundestag/
AfD-Fraktion auf Twitter:
https://twitter.com/AfDimBundestag/
AfD-Fraktion auf Instagram:
https://www.instagram.com/afdimbundestag
"
wcGeeX3Ae2c,1139,2018-12-05,@AfDFraktionimBundestag,https://www.youtube.com/watch?v=wcGeeX3Ae2c,"
    E-Fuels - Synthetische Kraftstoffe als Lösung für die deutsche Autoindustrie - Dr. Dirk Spaniel

    ----------------------------------------

    Folge uns auch auf Telegram: https://t.me/afdfraktionimbundestag Offizieller Kanal der AfD-Fraktion im Deutschen Bundestag
Jetzt abonnieren ► https://www.youtube.com/channel/UC_dZp8bZipnjntBGLVHm6rw/about?sub_confirmation=1

Andere Social Media Kanäle
AfD-Fraktion in Facebook:
https://www.facebook.com/afdimbundestag/
AfD-Fraktion auf Twitter:
https://twitter.com/AfDimBundestag/
AfD-Fraktion auf Instagram:
https://www.instagram.com/afdimbundestag
"
Io-h1wR5Eyw,236,2022-11-24,@AfDFraktionimBundestag,https://www.youtube.com/watch?v=Io-h1wR5Eyw,"
    Der FDP-Minister betreibt Pinocchio-Politik! Stephan Brandner - AfD-Fraktion im Bundestag

    ----------------------------------------

    Offizieller Kanal der AfD-Fraktion im Deutschen Bundestag
Jetzt abonnieren ► https://www.youtube.com/channel/UC_dZp8bZipnjntBGLVHm6rw/about?sub_confirmation=1

Andere Social Media Kanäle
Facebook: https://www.facebook.com/afdimbundestag/
Twitter: https://twitter.com/AfDimBundestag/
Instagram: https://www.instagram.com/afdimbundestag
Telegram: https://t.me/afdfraktionimbundestag
TikTok: https://www.tiktok.com/@afdfraktionimbundestag
GETTR: https://www.gettr.com/user/afdbundestag
"
mrsoDH2A8jw,460,2021-03-05,@AfDFraktionimBundestag,https://www.youtube.com/watch?v=mrsoDH2A8jw,"
    Dieser Antrag zeigt das ganze grüne Zerstörungspotenzial! -Leif-Erik Holm- AfD-Fraktion im Bundestag

    ----------------------------------------

    Umweltschutz ist ein wichtiges, konservatives Anliegen, doch die Grünen führen uns in die wirtschaftliche Katastrophe. Schon heute tanzt die Union nach der grünen Pfeife - ein Alptraum für die kommende Legislatur. Wir brauchen den Aufbruch für Deutschland: Infrastruktur, Innovation, Investition! Für diesen steht die AfD-Fraktion! Der Hokuspokus der Energiewende kann nur deswegen fortgeführt werden, weil die Bürger jeden Monat für dieses verkorkste Groschengrab blechen. Schluss damit!

Folge uns auf Telegram: https://t.me/afdfraktionimbundestag

Offizieller Kanal der AfD-Fraktion im Deutschen Bundestag
Jetzt abonnieren ► https://www.youtube.com/channel/UC_dZp8bZipnjntBGLVHm6rw/about?sub_confirmation=1

Andere Social Media Kanäle
AfD-Fraktion in Facebook:
https://www.facebook.com/afdimbundestag/
AfD-Fraktion auf Twitter:
https://twitter.com/AfDimBundestag/
AfD-Fraktion auf Instagram:
https://www.instagram.com/afdimbundestag
"
p_5eilhtBwQ,271,2022-12-06,@AfDFraktionimBundestag,https://www.youtube.com/watch?v=p_5eilhtBwQ,"
    So geht man mit Abgeordneten nicht um! - Jörn König - AfD-Fraktion im Bundestag

    ----------------------------------------

    Offizieller Kanal der AfD-Fraktion im Deutschen Bundestag
Jetzt abonnieren ► https://www.youtube.com/channel/UC_dZp8bZipnjntBGLVHm6rw/about?sub_confirmation=1

Andere Social Media Kanäle
Facebook: https://www.facebook.com/afdimbundestag/
Twitter: https://twitter.com/AfDimBundestag/
Instagram: https://www.instagram.com/afdimbundestag
Telegram: https://t.me/afdfraktionimbundestag
TikTok: https://www.tiktok.com/@afdfraktionimbundestag
GETTR: https://www.gettr.com/user/afdbundestag
"
Ow84jkpeAio,239,2021-04-19,@AfDFraktionimBundestag,https://www.youtube.com/watch?v=Ow84jkpeAio,"
    Grüne bezeichnen Deutsche als Köterrasse! - Rene Springer - AfD-Fraktion im Bundestag

    ----------------------------------------

    Das Übereinkommen zum Schutz der Rechte indigener Völker von 1989 soll jetzt im Bundestag ratifiziert werden. Was zunächst gut klingt, würde Deutschland verpflichten, hier lebende eingeborene Völker und Stämme hinsichtlich Lebensweise, wirtschaftlicher Entwicklung, Werte, Gepflogenheiten, Sprache und Religion zu fördern. Dabei gibt es keine solchen Völker in Deutschland. Entsprechend ist dieses Gesetz völlig sinnlos. Sich für den Schutz indigener Völker weltweit einzusetzen und nur Verachtung für das eigene Volk übrig zu haben, das ist typisch grün!


Folge uns auf Telegram: https://t.me/afdfraktionimbundestag

Offizieller Kanal der AfD-Fraktion im Deutschen Bundestag
Jetzt abonnieren ► https://www.youtube.com/channel/UC_dZp8bZipnjntBGLVHm6rw/about?sub_confirmation=1

Andere Social Media Kanäle
AfD-Fraktion in Facebook:
https://www.facebook.com/afdimbundestag/
AfD-Fraktion auf Twitter:
https://twitter.com/AfDimBundestag/
AfD-Fraktion auf Instagram:
https://www.instagram.com/afdimbundestag
"
OCee2OmAG04,342,2021-03-24,@AfDFraktionimBundestag,https://www.youtube.com/watch?v=OCee2OmAG04,"
    Zuwanderung: Die Politik muss unsere Wertenormen durchsetzen! - Lothar Maier - AfD-Fraktion

    ----------------------------------------

    Folge uns auf Telegram: https://t.me/afdfraktionimbundestag

Offizieller Kanal der AfD-Fraktion im Deutschen Bundestag
Jetzt abonnieren ► https://www.youtube.com/channel/UC_dZp8bZipnjntBGLVHm6rw/about?sub_confirmation=1

Andere Social Media Kanäle
AfD-Fraktion in Facebook:
https://www.facebook.com/afdimbundestag/
AfD-Fraktion auf Twitter:
https://twitter.com/AfDimBundestag/
AfD-Fraktion auf Instagram:
https://www.instagram.com/afdimbundestag
"
XIxDnQDg5KA,356,2018-05-20,@AfDFraktionimBundestag,https://www.youtube.com/watch?v=XIxDnQDg5KA,"
    Schluss mit Selbstbedienung! - Johannes Huber - AfD-Fraktion im Bundestag

    ----------------------------------------

    Folge uns auch auf Telegram: https://t.me/afdfraktionimbundestag Offizieller Kanal der AfD-Fraktion im Deutschen Bundestag
Jetzt abonnieren ► https://www.youtube.com/channel/UC_dZp8bZipnjntBGLVHm6rw/about?sub_confirmation=1

Andere Social Media Kanäle
AfD-Fraktion in Facebook:
https://www.facebook.com/afdimbundestag/
AfD-Fraktion auf Twitter:
https://twitter.com/AfDimBundestag/
AfD-Fraktion auf Instagram:
https://www.instagram.com/afdimbundestag
"
fjTfBtZYQBE,212,2019-06-29,@AfDFraktionimBundestag,https://www.youtube.com/watch?v=fjTfBtZYQBE,"
    Regierung betreibt Tierquälerei! - Stephan Protschka - AfD-Fraktion im Bundestag

    ----------------------------------------

    Folge uns auch auf Telegram: https://t.me/afdfraktionimbundestag Lokale Betäubung bei würde bei der Ferkelkastration keine Schmerzen verursachen – das lehnt die Regierung aber ab!

Offizieller Kanal der AfD-Fraktion im Deutschen Bundestag
Jetzt abonnieren ► https://www.youtube.com/channel/UC_dZp8bZipnjntBGLVHm6rw/about?sub_confirmation=1

Andere Social Media Kanäle
AfD-Fraktion in Facebook:
https://www.facebook.com/afdimbundestag/
AfD-Fraktion auf Twitter:
https://twitter.com/AfDimBundestag/
AfD-Fraktion auf Instagram:
https://www.instagram.com/afdimbundestag
"
txzMyxcJsZU,219,2022-09-26,@AfDFraktionimBundestag,https://www.youtube.com/watch?v=txzMyxcJsZU,"
    Würdeloser Umgang mit der Demokratie! - Fabian Jacobi - AfD-Fraktion im Bundestag

    ----------------------------------------

    Offizieller Kanal der AfD-Fraktion im Deutschen Bundestag
Jetzt abonnieren ► https://www.youtube.com/channel/UC_dZp8bZipnjntBGLVHm6rw/about?sub_confirmation=1

Andere Social Media Kanäle
Facebook: https://www.facebook.com/afdimbundestag/
Twitter: https://twitter.com/AfDimBundestag/
Instagram: https://www.instagram.com/afdimbundestag
Telegram: https://t.me/afdfraktionimbundestag
TikTok: https://www.tiktok.com/@afdfraktionimbundestag
GETTR: https://www.gettr.com/user/afdbundestag
"
MMV6j6Np4FE,283,2022-12-01,@AfDFraktionimBundestag,https://www.youtube.com/watch?v=MMV6j6Np4FE,"
    Holodomor in der Ukraine - Bleiben Sie bitte bei den Fakten! Dr. Marc Jongen -AfD-Fraktion Bundestag

    ----------------------------------------

    Offizieller Kanal der AfD-Fraktion im Deutschen Bundestag
Jetzt abonnieren ► https://www.youtube.com/channel/UC_dZp8bZipnjntBGLVHm6rw/about?sub_confirmation=1

Andere Social Media Kanäle
Facebook: https://www.facebook.com/afdimbundestag/
Twitter: https://twitter.com/AfDimBundestag/
Instagram: https://www.instagram.com/afdimbundestag
Telegram: https://t.me/afdfraktionimbundestag
TikTok: https://www.tiktok.com/@afdfraktionimbundestag
GETTR: https://www.gettr.com/user/afdbundestag
"
TUq7q7S0h_s,244,2023-09-08,@AfDFraktionimBundestag,https://www.youtube.com/watch?v=TUq7q7S0h_s,"
    Steffen Kotré greift Habeck für sein Heizungsverarmungsgesetz an! - AfD-Fraktion im Bundestag

    ----------------------------------------

    Offizieller Kanal der AfD-Fraktion im Deutschen Bundestag
Jetzt abonnieren ► https://www.youtube.com/channel/UC_dZp8bZipnjntBGLVHm6rw/about?sub_confirmation=1

Unsere Webseite
https://afdbundestag.de/

Andere Social Media Kanäle
Facebook: https://www.facebook.com/afdimbundestag/
Twitter: https://twitter.com/AfDimBundestag/
Instagram: https://www.instagram.com/afdimbundestag
Telegram: https://t.me/afdfraktionimbundestag
TikTok: https://www.tiktok.com/@afdfraktionimbundestag
"
BuhK_pyGers,508,2022-09-30,@AfDFraktionimBundestag,https://www.youtube.com/watch?v=BuhK_pyGers,"
    Diese Regierung ist mit der Krise überfordert - Klaus Stöber - AfD-Fraktion im Bundestag

    ----------------------------------------

    Offizieller Kanal der AfD-Fraktion im Deutschen Bundestag
Jetzt abonnieren ► https://www.youtube.com/channel/UC_dZp8bZipnjntBGLVHm6rw/about?sub_confirmation=1

Andere Social Media Kanäle
Facebook: https://www.facebook.com/afdimbundestag/
Twitter: https://twitter.com/AfDimBundestag/
Instagram: https://www.instagram.com/afdimbundestag
Telegram: https://t.me/afdfraktionimbundestag
TikTok: https://www.tiktok.com/@afdfraktionimbundestag
GETTR: https://www.gettr.com/user/afdbundestag
"
yEVJRPmRKf0,290,2019-09-12,@AfDFraktionimBundestag,https://www.youtube.com/watch?v=yEVJRPmRKf0,"
    Unser Rechtsstaat erodiert! - Stephan Brandner - AfD-Fraktion im Bundestag

    ----------------------------------------

    Folge uns auch auf Telegram: https://t.me/afdfraktionimbundestag #AfD #Recht

Das SPD geführte Justizministerium befindet sich in einem desolaten Zustand.

Offizieller Kanal der AfD-Fraktion im Deutschen Bundestag
Jetzt abonnieren ► https://www.youtube.com/channel/UC_dZp8bZipnjntBGLVHm6rw/about?sub_confirmation=1

Andere Social Media Kanäle
AfD-Fraktion in Facebook:
https://www.facebook.com/afdimbundestag/
AfD-Fraktion auf Twitter:
https://twitter.com/AfDimBundestag/
AfD-Fraktion auf Instagram:
https://www.instagram.com/afdimbundestag
"
7nJ4egPFucM,3595,2018-11-27,@AfDFraktionimBundestag,https://www.youtube.com/watch?v=7nJ4egPFucM,"
    Anträge der AfD-Fraktion zum ""Globalen Pakt für Migration"" und andere Themen

    ----------------------------------------

    Folge uns auch auf Telegram: https://t.me/afdfraktionimbundestag Offizieller Kanal der AfD-Fraktion im Deutschen Bundestag
Jetzt abonnieren ► https://www.youtube.com/channel/UC_dZp8bZipnjntBGLVHm6rw/about?sub_confirmation=1

Andere Social Media Kanäle
AfD-Fraktion in Facebook:
https://www.facebook.com/afdimbundestag/
AfD-Fraktion auf Twitter:
https://twitter.com/AfDimBundestag/
AfD-Fraktion auf Instagram:
https://www.instagram.com/afdimbundestag
"
zPeGoXCHoMY,248,2023-10-26,@AfDFraktionimBundestag,https://www.youtube.com/watch?v=zPeGoXCHoMY,"
    💥💶Strompreis: An Doppelmoral ist das nicht mehr zu überbieten! Bernd Schattner - AfD-Fraktion BT

    ----------------------------------------

    Offizieller Kanal der AfD-Fraktion im Deutschen Bundestag
Jetzt abonnieren ► https://www.youtube.com/channel/UC_dZp8bZipnjntBGLVHm6rw/about?sub_confirmation=1

Unsere Webseite
https://afdbundestag.de/

Andere Social Media Kanäle
Facebook: https://www.facebook.com/afdimbundestag/
Twitter: https://twitter.com/AfDimBundestag/
Instagram: https://www.instagram.com/afdimbundestag
Telegram: https://t.me/afdfraktionimbundestag
TikTok: https://www.tiktok.com/@afdfraktionimbundestag
"
NRcN2moXyg4,656,2019-11-09,@AfDFraktionimBundestag,https://www.youtube.com/watch?v=NRcN2moXyg4,"
    9. November: Gedenken an die Opfer des SED-Regimes! - AfD-Fraktion im Bundestag

    ----------------------------------------

    Folge uns auch auf Telegram: https://t.me/afdfraktionimbundestag Kranzniederlegung zum dreißigsten Jahrestag der Maueröffnung am 9. November 2019.

Offizieller Kanal der AfD-Fraktion im Deutschen Bundestag
Jetzt abonnieren ► https://www.youtube.com/channel/UC_dZp8bZipnjntBGLVHm6rw/about?sub_confirmation=1

Andere Social Media Kanäle
AfD-Fraktion in Facebook:
https://www.facebook.com/afdimbundestag/
AfD-Fraktion auf Twitter:
https://twitter.com/AfDimBundestag/
AfD-Fraktion auf Instagram:
https://www.instagram.com/afdimbundestag
"
9lcHIxGwHHA,326,2020-05-27,@AfDFraktionimBundestag,https://www.youtube.com/watch?v=9lcHIxGwHHA,"
    Nur Angst und Panik! Der wirtschaftliche Lockdown des Ministers! - Enrico Komning - AfD

    ----------------------------------------

    Folge uns auch auf Telegram: https://t.me/afdfraktionimbundestag Offizieller Kanal der AfD-Fraktion im Deutschen Bundestag
Jetzt abonnieren ► https://www.youtube.com/channel/UC_dZp8bZipnjntBGLVHm6rw/about?sub_confirmation=1

Andere Social Media Kanäle
AfD-Fraktion in Facebook:
https://www.facebook.com/afdimbundestag/
AfD-Fraktion auf Twitter:
https://twitter.com/AfDimBundestag/
AfD-Fraktion auf Instagram:
https://www.instagram.com/afdimbundestag
"
bdFjzsfis48,341,2019-05-17,@AfDFraktionimBundestag,https://www.youtube.com/watch?v=bdFjzsfis48,"
    Die Altparteien bekämpfen islamistischen Terror nicht, sie verwalten ihn! - Martin Hess - AfD

    ----------------------------------------

    Folge uns auch auf Telegram: https://t.me/afdfraktionimbundestag #Islam #EU #AfD

Offizieller Kanal der AfD-Fraktion im Deutschen Bundestag
Jetzt abonnieren ► https://www.youtube.com/channel/UC_dZp8bZipnjntBGLVHm6rw/about?sub_confirmation=1

Andere Social Media Kanäle
AfD-Fraktion in Facebook:
https://www.facebook.com/afdimbundestag/
AfD-Fraktion auf Twitter:
https://twitter.com/AfDimBundestag/
AfD-Fraktion auf Instagram:
https://www.instagram.com/afdimbundestag
"
7s75ZhXUpGs,309,2021-02-26,@AfDFraktionimBundestag,https://www.youtube.com/watch?v=7s75ZhXUpGs,"
    Demokratie braucht Volksabstimmungen! - Albrecht Glaser - AfD-Fraktion im Bundestag

    ----------------------------------------

    Folge uns auf Telegram: https://t.me/afdfraktionimbundestag

Offizieller Kanal der AfD-Fraktion im Deutschen Bundestag
Jetzt abonnieren ► https://www.youtube.com/channel/UC_dZp8bZipnjntBGLVHm6rw/about?sub_confirmation=1

Andere Social Media Kanäle
AfD-Fraktion in Facebook:
https://www.facebook.com/afdimbundestag/
AfD-Fraktion auf Twitter:
https://twitter.com/AfDimBundestag/
AfD-Fraktion auf Instagram:
https://www.instagram.com/afdimbundestag
"
uJDdKCkD8dg,326,2018-06-29,@AfDFraktionimBundestag,https://www.youtube.com/watch?v=uJDdKCkD8dg,"
    Opfer von Straftaten erwarten wirksame Bestrafung der Täter! - Thomas Seitz - AfD-Fraktion

    ----------------------------------------

    Folge uns auch auf Telegram: https://t.me/afdfraktionimbundestag Offizieller Kanal der AfD-Fraktion im Deutschen Bundestag
Jetzt abonnieren ► https://www.youtube.com/channel/UC_dZp8bZipnjntBGLVHm6rw/about?sub_confirmation=1

Andere Social Media Kanäle
AfD-Fraktion in Facebook:
https://www.facebook.com/afdimbundestag/
AfD-Fraktion auf Twitter:
https://twitter.com/AfDimBundestag/
AfD-Fraktion auf Instagram:
https://www.instagram.com/afdimbundestag
"
nYAlD_M20_w,279,2021-05-23,@AfDFraktionimBundestag,https://www.youtube.com/watch?v=nYAlD_M20_w,"
    Für wie dumm halten Sie uns eigentlich? - Tobias Peterka - AfD-Fraktion im Bundestag

    ----------------------------------------

    Die Bundesregierung hat ihr Versprechen gebrochen und den Uploadfilter eingeführt. Eine Option besonders aufzupolieren im Gesetz, die bereits genauso in der EU-Richtlinie steht und schon damals als kaum umsetzbar galt - das ist die Spezialität der GroKo. Auch ein Schuss Klientelpolitik hat mit Freiheit nichts zu tun. Das gilt für das Leistungsschutzrecht der Presse. Der AfD-Antrag der Fraktion hält selbstverständlich dagegen.

Folge uns auf Telegram: https://t.me/afdfraktionimbundestag

Offizieller Kanal der AfD-Fraktion im Deutschen Bundestag
Jetzt abonnieren ► https://www.youtube.com/channel/UC_dZp8bZipnjntBGLVHm6rw/about?sub_confirmation=1

Andere Social Media Kanäle
AfD-Fraktion in Facebook:
https://www.facebook.com/afdimbundestag/
AfD-Fraktion auf Twitter:
https://twitter.com/AfDimBundestag/
AfD-Fraktion auf Instagram:
https://www.instagram.com/afdimbundestag
"
qTgn_B0zN1Y,67,2023-07-12,@AfDFraktionimBundestag,https://www.youtube.com/watch?v=qTgn_B0zN1Y,"
    Freibad-Krawalle: Herr Scholz, Sie leben nicht in der Realität! - Beatrix von Storch - AfD-Fraktion

    ----------------------------------------

    Offizieller Kanal der AfD-Fraktion im Deutschen Bundestag
Jetzt abonnieren ► https://www.youtube.com/channel/UC_dZp8bZipnjntBGLVHm6rw/about?sub_confirmation=1

Unsere Webseite
https://afdbundestag.de/

Andere Social Media Kanäle
Facebook: https://www.facebook.com/afdimbundestag/
Twitter: https://twitter.com/AfDimBundestag/
Instagram: https://www.instagram.com/afdimbundestag
Telegram: https://t.me/afdfraktionimbundestag
TikTok: https://www.tiktok.com/@afdfraktionimbundestag
GETTR: https://www.gettr.com/user/afdbundestag
"
9Oi-c1DSzmo,219,2022-09-13,@AfDFraktionimBundestag,https://www.youtube.com/watch?v=9Oi-c1DSzmo,"
    Mit DIESEM Minister geht das Scheitern weiter! - Stephan Brandner - AfD-Fraktion im Bundestag

    ----------------------------------------

    Offizieller Kanal der AfD-Fraktion im Deutschen Bundestag
Jetzt abonnieren ► https://www.youtube.com/channel/UC_dZp8bZipnjntBGLVHm6rw/about?sub_confirmation=1

Andere Social Media Kanäle
Facebook: https://www.facebook.com/afdimbundestag/
Twitter: https://twitter.com/AfDimBundestag/
Instagram: https://www.instagram.com/afdimbundestag
Telegram: https://t.me/afdfraktionimbundestag
TikTok: https://www.tiktok.com/@afdfraktionimbundestag
GETTR: https://www.gettr.com/user/afdbundestag
"
8qaMQmiH0BE,380,2021-06-25,@AfDFraktionimBundestag,https://www.youtube.com/watch?v=8qaMQmiH0BE,"
    Stephan Brandner rechnet mit der Gender-Ideologie ab! - AfD-Fraktion im Bundestag

    ----------------------------------------

    Wir lehnen diesen Gender-Krampf ab!

Zwei Drittel der Bürger lehnt den Orwellschen Sprachunsinn des Genderns ab. Zu welchem Irrsinn diese Sprachverhunzung führen kann, beweist die Stadt Weimar. Dort besagt die Geschäftsordnung des Stadtrates, dass nicht nur etwa gegendert werden muss, sondern sie wurde in ausschließlich weiblicher Form verfasst. Dort sitzt die Oberbürgermeisterin Peter Kleine im Amt.  Geht es irre?

Folge uns auf Telegram: https://t.me/afdfraktionimbundestag

Offizieller Kanal der AfD-Fraktion im Deutschen Bundestag
Jetzt abonnieren ► https://www.youtube.com/channel/UC_dZp8bZipnjntBGLVHm6rw/about?sub_confirmation=1

Andere Social Media Kanäle
AfD-Fraktion in Facebook:
https://www.facebook.com/afdimbundestag/
AfD-Fraktion auf Twitter:
https://twitter.com/AfDimBundestag/
AfD-Fraktion auf Instagram:
https://www.instagram.com/afdimbundestag
"
-lFKA5Rl4rE,193,2022-05-17,@AfDFraktionimBundestag,https://www.youtube.com/watch?v=-lFKA5Rl4rE,"
    Die bisherige Bilanz der Ampel ist erschreckend! Jan Wenzel Schmidt- AfD-Fraktion im Bundestag

    ----------------------------------------

    Offizieller Kanal der AfD-Fraktion im Deutschen Bundestag
Jetzt abonnieren ► https://www.youtube.com/channel/UC_dZp8bZipnjntBGLVHm6rw/about?sub_confirmation=1

Andere Social Media Kanäle
Facebook: https://www.facebook.com/afdimbundestag/
Twitter: https://twitter.com/AfDimBundestag/
Instagram: https://www.instagram.com/afdimbundestag
Telegram: https://t.me/afdfraktionimbundestag
TikTok: https://www.tiktok.com/@afdfraktionimbundestag
GETTR: https://www.gettr.com/user/afdbundestag
"
WVdN_ERj-vw,212,2023-09-26,@AfDFraktionimBundestag,https://www.youtube.com/watch?v=WVdN_ERj-vw,"
    Da greifen sie lieber zu! Gerrit Huy - AfD-Fraktion im Bundestag

    ----------------------------------------

    Offizieller Kanal der AfD-Fraktion im Deutschen Bundestag
Jetzt abonnieren ► https://www.youtube.com/channel/UC_dZp8bZipnjntBGLVHm6rw/about?sub_confirmation=1

Unsere Webseite
https://afdbundestag.de/

Andere Social Media Kanäle
Facebook: https://www.facebook.com/afdimbundestag/
Twitter: https://twitter.com/AfDimBundestag/
Instagram: https://www.instagram.com/afdimbundestag
Telegram: https://t.me/afdfraktionimbundestag
TikTok: https://www.tiktok.com/@afdfraktionimbundestag
"
Gg9qeVYBL2U,90,2021-04-10,@AfDTV,https://www.youtube.com/watch?v=Gg9qeVYBL2U,"
AfD-Kampagnenfilm 2021: Es gibt da eine Partei, ...

----------------------------------------

„Deutschland. Aber normal“ – so lautet der Leitspruch der AfD-Kampagne für die Bundestagswahl 2021. Hier sehen Sie eines der beiden entsprechenden Kampagnen-Videos.
"
ZxDoQbzCakY,645,2020-09-27,@AfDTV,https://www.youtube.com/watch?v=ZxDoQbzCakY,"
    Buchautor Stefan Schubert | AfD persönlich

    ----------------------------------------

    Vorsicht Diktatur! Das neue Buch von Stefan Schubert finden Sie direkt beim Verlag: https://tinyurl.com/y6gdo75y


Im Interview mit AfD TV erzählt Stefan Schubert von seinen Erfahrungen als Polizist und als Buchautor, der aufgrund seiner klaren Worte zur Ausländerkriminalität und zur Gefahr durch den politischen Islam, vor allem aber seit er im unabhängigen Kopp-Verlag veröffentlicht, von den Mainstream-Medien ignoriert wird, die ihn zuvor noch als Sicherheitsexperten schätzten. In seinem neuen Buch beschäftigt er sich unter anderem mit der Strategie der Regierenden und der EU, Kritik und das Aussprechen der Wahrheit zu kriminalisieren. Vor allem die Corona-Krise wurde und wird zuletzt genutzt, um die Grundrechte der Bürger immer noch weiter einzuschränken. Es drohe das Abrutschen in ein totalitäres System.
"
RbsOS2XzE1o,300,2022-04-06,@AfDTV,https://www.youtube.com/watch?v=RbsOS2XzE1o,"
    Sie machen Schulden, Schulden, Schulden!

    ----------------------------------------

    In der Schlussrunde der Parlamentsdebatte zum Haushaltsgesetz 2022 rechnet der AfD-Bundestagsabgeordnete Norbert Kleinwächter ab: Die Bundesregierung träumt in ideologischen Wunschwelten herum und verschleudert das Geld der Bürger. 14,7 Billionen Euro beträgt die implizite Staatsschuld schon heute – doch die „Ampel“ macht einfach immer weiter. Die junge Generation wird trotz Arbeit verarmen und bis zum Ende ihres Lebens im Schulden- und Armutssumpf versinken. Doch die Scholz-Regierung spricht im realitätsfernen Elfenbeinturm über „feministische Außenpolitik“, prangert Kleinwächter an.

Dabei wäre es laut Kleinwächter mehr als angebracht, die Schulden zu senken und die uferlosen Staatsausgaben zu reduzieren. Der Abgeordnete ist sich deshalb sicher: Eine gute Bundesregierung würde nicht innerhalb eines Jahreshashalts 36 Milliarden Euro an die EU einzahlen oder 21 Milliarden Euro für den ESM verwenden. Sie würde stattdessen die sogenannten Target-II-Forderungen zurückholen, deren Höhe bei mehr als einer Billion Euro liegt. Kleinwächters Fazit: „Das Geld ist eigentlich da, aber es ist nur woanders!“

++++

Spenden Sie jetzt für eine wirkliche Alternative!
https://www.spenden.afd.de/

Alternative für Deutschland
Berliner Volksbank e. G.
IBAN: DE94 1009 0000 2661 2620 20
BIC: BEVODEBB

Für eine Überweisung nutzen Sie bitte die obenstehende Bankverbindung. Bitte geben Sie auf der Überweisung Ihre genaue Anschrift an, damit die Spende korrekt zugeordnet werden kann. Sie erhalten im ersten Quartal des folgenden Jahres von der AfD eine Zuwendungsbescheinigung, die Sie zusammen mit Ihrer Steuererklärung beim zuständigen Finanzamt einreichen können.

++++

Abonnieren Sie jetzt unseren Youtube-Kanal mit nur einem Klick auf:
https://www.youtube.com/c/AfDKanal

Folgen Sie uns auf Facebook: https://www.facebook.com/alternativefuerde
Folgen Sie uns auf Twitter: https://twitter.com/AfD
Folgen Sie uns über Telegram: https://t.me/afdbrennpunkt
Folgen Sie uns auf Instagram: https://www.instagram.com/afd.bund/
oder informieren Sie sich über: https://afdkompakt.de/
"
FPvS1GZVRc4,357,2022-06-23,@AfDTV,https://www.youtube.com/watch?v=FPvS1GZVRc4,"
    Wenn die Medien uns wegschweigen: Selbst ist die Partei!

    ----------------------------------------

    Die Wind- und Solarkraftlobby schanzt den Altparteien immer wieder riesige Spendensummen zu – und bekommt dafür prompt die gewünschte Politik geliefert. Was aber können Bürger und vor allem Unternehmen tun, die unter genau dieser ökoideologischen Politik und deren Folgen zu leiden haben? Prof. Dr. Harald Weyel, Bundestagsabgeordneter der AfD, hat einen Vorschlag: „Leute, die ihr Steuergeld verschwendet sehen, können es uns zukommen lassen. Weil wir die wahren Vertreter von Arbeitnehmer- und Unternehmerinteressen sind.“ Weyel ist auf dem Bundesparteitag in Riesa zum stellvertretenden Schatzmeister gewählt worden.

Als neues Vorstandsmitglied möchte Prof. Dr. Weyel Initiativen anstoßen, was die Akquise von Parteimitteln angeht. Und dazu gehört auch Aufklärung. „Man muss nicht Mitglied bei uns werden, um uns zu unterstützen. Vor allem Unternehmen des Mittelstandes müssen erkenne, welche Partei sich für das Abstellen der künstlich herbeigeführten, politisch gewollten Umstände ist“, sagt er mit Verweis auf die horrenden Energiekosten und die Inflation. „Das sind wir!“ Zwar behaupte die Union pro forma auch von sich, die Regierungspolitik kritisch zu sehen. Doch seien CDU und CSU nicht mehr als eine Schein-Opposition, die in den vergangenen 16 Jahren alles mitgetragen und davon auch profitiert hat.

Eine weitere Aufgabe des neuen Bundesvorstandes, dessen Wahl er als Erfrischung und Erneuerung bezeichnet, sieht Prof. Dr. Weyel in der Öffentlichkeitsarbeit. Man müsse überlegen, wie man aus dem Medienschatten herauskommt. Entweder wird die AfD überhaupt nicht thematisiert. Und wenn doch, dann geschehe das im grellen Licht des Framings: ohne Inhalte zu transportieren, sondern mit Halbzitaten und Unterstellungen. „Wir müssen ein Gesamtbild an die Öffentlichkeit bringen, bei dem die Sachpolitik, die Themen, Meinungen und Rezepte zum Tragen kommen. Und das müssen wir notgedrungen selbst machen“, so Harald Weyel. Vor allem von den öffentlich-rechtlichen Sendern erwarte er wirklich nichts mehr. Sein Credo: „Selbst ist der Mann, selbst ist die Frau, selbst ist die Partei!“

++++

Spenden Sie jetzt für eine wirkliche Alternative!
https://www.spenden.afd.de/

Alternative für Deutschland
Berliner Volksbank e. G.
IBAN: DE94 1009 0000 2661 2620 20
BIC: BEVODEBB

Für eine Überweisung nutzen Sie bitte die obenstehende Bankverbindung. Bitte geben Sie auf der Überweisung Ihre genaue Anschrift an, damit die Spende korrekt zugeordnet werden kann. Sie erhalten im ersten Quartal des folgenden Jahres von der AfD eine Zuwendungsbescheinigung, die Sie zusammen mit Ihrer Steuererklärung beim zuständigen Finanzamt einreichen können.

++++

Abonnieren Sie jetzt unseren Youtube-Kanal mit nur einem Klick auf:
https://www.youtube.com/c/AfDKanal

Folgen Sie uns auf Facebook: https://www.facebook.com/alternativef...
Folgen Sie uns auf Twitter: https://twitter.com/AfD
Folgen Sie uns über Telegram: https://t.me/afdbrennpunkt
Folgen Sie uns auf Instagram: https://www.instagram.com/afd.bund/
oder informieren Sie sich über: https://afdkompakt.de/
"
ycmuHESPctw,397,2019-05-24,@AfDTV,https://www.youtube.com/watch?v=ycmuHESPctw,"
    ❝AfD will Platz 1!❞ | S. Wippel vor OB-Wahl in Görlitz

    ----------------------------------------

    Mit Sebastian #Wippel hat die #AfD gute Chancen, den ersten Oberbürgermeisterstuhl in Deutschland zu erobern. Er möchte endlich die sozialen und infrastrukturellen Probleme in #Görlitz lösen und strebt eine enge Zusammenarbeit mit den Partnern in Polen und Tschechien an. Die Oberbürgermeisterwahlen finden zusammen mit der #Europawahl am 26. Mai 2019 statt.

JETZT unseren Kanal abonnieren:
https://www.youtube.com/channel/UCq2rogaxLtQFrYG3X3KYNww/about?sub_confirmation=1
"
u9aYmOtPIf8,190,2023-01-18,@AfDTV,https://www.youtube.com/watch?v=u9aYmOtPIf8,"
    Null Charisma - Hundert Prozent SPD

    ----------------------------------------

    Donnerwetter – Olaf Scholz hat tatsächlich noch einen SPD’ler gefunden, den er auf den Stuhl des Verteidigungsministers setzen kann! Und der hat sogar mal Wehrdienst geleistet. Zwar nur als Chauffeur seines damaligen Kommandeurs, aber immerhin. Wird mit Boris Pistorius deshalb für die Truppe nun eine bessere Zeit anbrechen als unter Pannen-Christine Lambrecht oder deren Vorgängerinnen? Wohl kaum. Denn auch der Neue im Ampelkabinett hat weder Charisma noch eine besonders rühmliche Vergangenheit: Als Innenminister von Niedersachsen ließ er zum Beispiel den Buchstaben „Z“ verbieten. Weil die Russen ihn auf ihre Panzer malen. Und er drangsalierte Niedersachsens Bürger und Unternehmer in den letzten drei Jahren mit Versammlungs-, Kontakt- und Geschäftsverboten, genauso wie es seine Amtskollegen in anderen Bundesländern auch taten. Als Vorsitzenden wollte ihn die SPD übrigens auch nicht haben.

Immerhin gab er noch vor fünf Jahren eine realistische Einschätzung ab, was Sanktionen gegen Russland angeht. Dass sie nämlich kaum wirken. Tino Chrupalla, Bundessprecher der AfD, fordert Pistorius deshalb dazu auf, diese Position auch weiter zu vertreten, statt nun zurückzurudern. ""Die Sanktionen gegen Russland schaden Deutschland und müssen auf den Prüfstand"", so Chrupalla. Daran müsse Pistorius nun als Bundesverteidigungsminister anknüpfen: Waffenlieferungen stoppen, Friedensverhandlungen fördern, Sanktionen aufheben!
"
v5K_uVYq2OQ,2116,2019-08-19,@AfDTV,https://www.youtube.com/watch?v=v5K_uVYq2OQ,"
    A. Gauland | Afrika wächst in 12 Tagen um 1 Million!

    ----------------------------------------

    Rede des #AfD-Bundessprechers Alexander #Gauland auf der Wahlkampfveranstaltung in #Brandenburg an der Havel vom 18. August.

Die gesamte Veranstaltung finden Sie hier:
Teil 1: https://www.youtube.com/watch?v=NFxpy0ZmHN8
Teil 2: https://www.youtube.com/watch?v=cNy_kna__1c

Unterstützen Sie bitte den Landesverband Brandenburg im Wahlkampf:
➡ Wahlkampfhilfe: wahlkampfhilfe@afd-brandenburg.de
➡ Spenden: https://afd-brandenburg.de/mitwirken/spenden/
➡ Termine/Übersicht: https://wende2019.de/
"
Oj1hRJU4byM,1339,2018-11-16,@AfDTV,https://www.youtube.com/watch?v=Oj1hRJU4byM,"
    A. Gauland: ❝Merkel hat keine Ahnung von Europa!❞

    ----------------------------------------

    Bundessprecher Alexander Gauland hat die Europawahlversammlung in Magdeburg eröffnet und dabei die Politik der Bundesregierung scharf kritisiert. Bis Montag wählen die Delegierten die Kandidaten für die Europawahl am 26. Mai 2019.

JETZT direkt unseren YouTube-Kanal abonnieren
https://www.youtube.com/channel/UCq2rogaxLtQFrYG3X3KYNww/about?sub_confirmation=1
"
BNP1tRT5-Ho,2184,2021-02-12,@AfDTV,https://www.youtube.com/watch?v=BNP1tRT5-Ho,"
    7 Tage Deutschland - Ausgabe 06/2021 des #AfD-Wochenendpodcasts

    ----------------------------------------

    Mit diesen Themen:

180 Milliarden Euro neue #Schulden dieses Jahr und doch wird das Geld wahrscheinlich gerade einmal bis zur Bundestagswahl im September reichen. Merkels Milliarden haben einen entscheidenden Makel: der Haushalt der GroKo ist verfassungswidrig – sagt der Haushaltsexperte der AfD-Bundestagsfraktion, Peter Boehringer, hier in 7 Tage Deutschland.

Der AfD-Landwirtschaftspolitiker Stephan #Protschka erklärt, warum in Berlin jeden Tag die #Bauern protestieren.

Und: Wir klären mit dem AfD-Abgeordneten Tobias Peterka, warum #Merkel und #Spahn nicht Millionen Euro ausgeben dürfen, um uns ungewollt in den Sozialen Medien mit ihren Botschaften einzulullen.
Außerdem: Der #Sozialexperte unserer AfD im Bundestag, René #Springer, wagt abseits aller Regierungspropaganda einen realistischen Blick auf die #Arbeitslosenzahlen, die uns nach #Corona erwarten.

Und Tino #Chrupalla ist die Nummer 1 – der AfD-Bundessprecher führt in seinem Land #Sachsen die Liste zur #Wahl in den nächsten Deutschen Bundestag an.

Moderation + Redaktion : Detlev Frye

Mitreden per WhatsApp-Sprachnachricht: https://wa.me/493043970765
"
uvcNMHGal1s,76,2023-09-07,@AfDTV,https://www.youtube.com/watch?v=uvcNMHGal1s,"
#shorts Tino Chrupalla: „Ihre politischen Schwerpunkte sind völlig entrückt!“

----------------------------------------


"
f5tGOHfakjg,135,2019-08-31,@AfDTV,https://www.youtube.com/watch?v=f5tGOHfakjg,"
Sebastian Wippel & Tino Chrupalla | Görlitz wählt blau!

----------------------------------------

Tino #Chrupalla hat im Bundestagswahlkampf 2017 geschafft, was Sebastian #Wippel im sächsischen Landtagswahlkampf 2019 ebenfalls erreichen will: Michael Kretschmer das Direktmandat in #Görlitz abzujagen. Gelingt es ein zweites Mal?
"
gbz_LecnBGs,175,2023-05-15,@AfDTV,https://www.youtube.com/watch?v=gbz_LecnBGs,"
    Die Welt lacht sich kaputt über Deutschland – und nimmt uns genüsslich aus

    ----------------------------------------

    „Heuchler und Opportunisten“ – Karsten Hilse lässt kein gutes Haar an der Union. Denn nachdem die sich bei jeder Gelegenheit bei den Grünen anbiedert, ist deren Forderung nach einer „sicheren, bezahlbaren und klimafreundlichen Wärmeversorgung ohne soziale Kälte“ reine Makulatur. Der klimapolitische Sprecher der AfD-Bundestagsfraktion holt zur Generalabrechnung aus: „Denn was Sie da fordern, hatten wir bis vor wenigen Jahren. Bis Sie der kranken Ideologie vom vermeintlichen menschgemachten Klimawandel den Weg in dieses Parlament ebneten!“ Ja, es war die Union, die – jede Warnung ihres einstigen Spitzenpolitikers Franz-Josef Strauß in den Wind schlagend – grüne Fantasien vom klimaneutralen Deutschland erst salonfähig gemacht hat.

Und weil das ganze von Anfang an sinnfrei war, habe man in der großen Koalition einfach postuliert, die Deutschen wären Vorreiter, denen der Rest der Welt folgen würde. „Der Rest der Welt lacht sich kaputt über die Deutschen und nimmt uns genüsslich aus“, unterstreicht Hilse. Denn die Zerstörung unserer Wärmeversorgung und der gesamten Wirtschaft würde natürlich anderen in die Hände spielen. Selbst wenn die Märchen vom menschgemachten Klimawandel war wären und der CO²-Wahn der Grünen Sinn ergäbe, dann könnte Deutschland rein rechnerisch nur für 0,00056 Grad der Erderwärmung verhindern. Deshalb appelliert Der AfD-Abgeordnete an die Konservativen in der Union, sich endlich durchzusetzen und wieder Politik im Interesse ihres Arbeitgebers – dem deutschen Volke – zu machen.
"
ktPYkWjUC1Y,291,2020-10-02,@AfDTV,https://www.youtube.com/watch?v=ktPYkWjUC1Y,"
AfD persönlich: Nicolaus Fest zu 30 Jahren deutsche Einheit

----------------------------------------

Dr. Nicolaus Fest ist Journalist und Mitglied des Europäischen Parlaments. Die ersten 15 Jahre nach der Wiedervereinigung sieht er als tatsächliche Erfolgsgeschichte, seit dem Amtsantritt Angela Merkels als deutsche Kanzlerin macht er sich aber Sorgen um die liberale Demokratie in Deutschland.
"
YMcReYJrPe4,96,2018-12-06,@AfDTV,https://www.youtube.com/watch?v=YMcReYJrPe4,"
    +++ Das muss jeder zum UN-Migrationspakt wissen! +++

    ----------------------------------------

    Welche Folgen wird der Pakt für Deutschland haben?

Uns bleiben nur noch wenige Tage. JETZT informieren, teilen, aufklären!

Infos zu unserer Kampagne:
https://www.afd.de/migrationspakt-stoppen/
Verhelfen Sie der sehr erfolgreichen Petition zum Rekord:
https://epetitionen.bundestag.de/petitionen/_2018/_11/_01/Petition_85565.nc.html

Bitte unterstützen Sie unsere Maßnahmen mit einer Spende:
https://www.afd.de/mitwirken/

Haben Sie schon unseren Kanal abonniert?
https://www.youtube.com/channel/UCq2rogaxLtQFrYG3X3KYNww/about?sub_confirmation=1
"
WrpBmArcgUk,287,2018-05-30,@AfDTV,https://www.youtube.com/watch?v=WrpBmArcgUk,"
AfD-Großdemonstration in Berlin: Albrecht Glaser vor dem Brandenburger Tor

----------------------------------------

Bei der Abschlusskundgebung am 27. Mai 2018 vor dem Brandenburger Tor prangerte Albrecht Glaser gewohnt deutlich die Missstände in Deutschland an.
"
_8f143vdDZw,720,2022-11-23,@AfDTV,https://www.youtube.com/watch?v=_8f143vdDZw,"
Ampel: Die schlechteste Regierung aller Zeiten! - Alice Weidel - AfD

----------------------------------------

Die Ampel wird ein Jahr alt: Noch zwei Wochen, dann ist die schlechteste Regierung in der Geschichte der Bundesrepublik Deutschland, ein volles Jahr im Amt. Was diese Regierung innerhalb kürzester Zeit angerichtet hat, ist unglaublich. Die Realität mit der Ampel stellt jede Verschwörungstheorie in den Schatten, während die Menschen in Deutschland koordiniert ihres Wohlstands beraubt werden.
"
2NcMIq2qbPA,553,2019-01-12,@AfDTV,https://www.youtube.com/watch?v=2NcMIq2qbPA,"
    Michael Adam | EU-Wahl '19 – Listenplatz 17

    ----------------------------------------

    Auch in Riesa waren die Listenplätze zur Europawahl am 26. Mai 2019 heiß umkämpft. Platz 17 sicherte sich der Berliner Jurist Michael Adam. In Straßburg und Brüssel will sich der Europarechtler vor allem mit Energie- und Umweltthemen befassen.

JETZT unseren YouTube-Kanal abonnieren:
https://www.youtube.com/channel/UCq2rogaxLtQFrYG3X3KYNww/about?sub_confirmation=1
"
QwbqP24XPhI,248,2021-01-14,@AfDTV,https://www.youtube.com/watch?v=QwbqP24XPhI,"
Ulrike Schielke-Ziesing zum Rentenbericht

----------------------------------------

Die Rentenexpertin der AfD-Bundestagsfraktion, Ulrike Schielke-Ziesing, widerspricht in der Beratung des Rentenversicherungs­berichts 2020 der Selbstbeweihräucherung von Arbeitsminster Hubertus Heil (SPD).
"
-9mTWfSPmPI,245,2023-05-22,@AfDTV,https://www.youtube.com/watch?v=-9mTWfSPmPI,"
    Das Einmaleins der Energiewende - ein Rücktritt wird nicht (g)reichen!

    ----------------------------------------

    Habecks Staatssekretär ist zurückgetreten, sein wahnwitziges Projekt von der „Transformation“ Deutschlands aber bleibt. Auch weiterhin droht Hausbesitzern langfristig die Enteignung, wenn sie sich keine hunderttausend Euro für den Einbau einer Wärmepumpe leisten können. Auch weiterhin zahlen die Bürger Horror-Preise für Strom, Kraftstoff und Energie. Und auch weiterhin packen Unternehmen ihre Koffer und kehren Deutschland frustriert den Rücken.

Wir haben in unserem Video das ökosozialistische Projekt der „Energiewende“ ironisch aufbereitet. Wie kann es sein, dass ausgerechnet die Grünen Kernkraftwerke vom Netz nehmen, um deren Ausfall mit fossiler Kohlekraft zu kompensieren? Wie kann es sein, dass ausgerechnet die Grünen den Stromverbrauch mit Elektromobilität und Wärmepumpen ins Unermessliche treiben wollen, während sie andererseits immer wieder Sparsamkeit fordern? Die Antwort: Sie haben keine Ahnung von dem, was sie da tun. Es geht ihnen auch überhaupt nicht um das Klima oder die Umwelt. Es geht einzig und allein darum, unser Land abzuwickeln – und selbst auf üppig bezahlten Posten einen guten Schnitt zu machen.

Für uns ist klar: Graichens Entmachtung kann nur der Anfang sein. Robert Habeck, der weder einen Bezug zu Deutschland hat, noch irgendwelche Kenntnisse oder Fähigkeiten in seinem Ressort besitzt, muss der nächste sein. Und schlussendlich muss der Energiewende-Wahnsinn beendet werden! Dafür stehen wir von der AfD.
"
WPYeyBWoHrs,613,2019-01-19,@AfDTV,https://www.youtube.com/watch?v=WPYeyBWoHrs,"
    Europawahlversammlung in Riesa (11.-14.01.2019)

    ----------------------------------------

    Vom 11. bis 14. Januar fand in Riesa der AfD-Parteitag zur Europawahl am 26. Mai 2019 statt. Eine urdemokratische Angelegenheit, die von überzeugenden Kandidaten, spannenden Diskussionen und vielen schönen Momenten getragen wurde. Auch die Vorstellung unseres Europawahl-Programms nahm viel Raum ein. Wir gehen gut gerüstet in die kommenden Monate. Sehen Sie hier die Zusammenfassung.

Die Bewerbungsreden der gewählten Kandidaten und weitere Berichte auch von der 1. Europawahlversammlung in Magdeburg  finden Sie hier:
https://www.youtube.com/playlist?list=PLpUH8cg7QQcTaZ39ZV7ncSCV_OVltRbgb

Sie wollen uns im Europawahlkampf unterstützen? Jetzt spenden: https://www.afd.de/geld-spenden/

Mehr Informationen zu den gewählten Kandidaten finden Sie unter: https://www.afd.de/europawahl-kandidaten
"
vfjg7FbVgkM,258,2021-04-29,@AfDTV,https://www.youtube.com/watch?v=vfjg7FbVgkM,"
Dr. Gottfried Curio zum Staatsangehörigkeitstest

----------------------------------------

Der AfD-Bundestagsabgeordnete Dr. Gottfried Curio äußert sich zu dem Versuch der Altparteien, Einbürgerungen zu erleichtern und hält fest: ""Einwanderung ist kein Menschenrecht, Einbürgerung ist kein Menschenrecht, Bedingungen für Einbürgerung sind keine Diskriminierung.""
"
039lmz-V7Gk,640,2018-05-28,@AfDTV,https://www.youtube.com/watch?v=039lmz-V7Gk,"
AfD-Großdemonstration in Berlin: Hans-Christoph Berndt vor dem Hauptbahnhof

----------------------------------------

Auch Hans-Christoph Berndt von der Initiative ""Zukunft Heimat"" war dabei, als die AfD dazu aufrief, am 27. Mai 2018 gegen die Politik der Bundesregierung in Berlin auf die Straße zu gehen.
"
xlXIez5FTdc,1447,2023-11-24,@AfDTV,https://www.youtube.com/watch?v=xlXIez5FTdc,"
    Misswirtschaft der Ampel: Dem Mittelstand reicht’s!

    ----------------------------------------

    Frequenz: Freiheit – der Podcast der AfD | Ausgabe 33/2023

Der Klein- und Mittelstand hat genug von Misswirtschaft, Kriegstreiberei und permanentem Aderlass durch die Ampelregierung. In Dessau haben sich deshalb am vergangenen Wochenende Innungsmeister mehrerer Gewerke aus Sachsen-Anhalt und Brandenburg öffentlich auf dem Schlossplatz zu Wort gemeldet und unter anderem ein Ende der Russland-Sanktionen gefordert. Auch Rufe nach Neuwahlen waren zu hören. Viele hundert Menschen waren dem Demoaufruf der „Handwerker für den Frieden“, unterstützt vom Internationalen Friedensbüro, gefolgt. Wir waren dabei.

Und: Die Haushaltskrise im politischen Berlin dauert an. Dass die Scholztruppe mit der Sperre ihres widersinnigen Klimaetats durch das Bundesverfassungsgericht überhaupt nicht zurechtkommt, zeigt das weiter spendable Verhalten der Ampel gegenüber dem Ausland. Vier Milliarden für Afrika, 1,3 Milliarden für die Ukraine – aber dafür werden CO2-Steuer und Maut sowie die Mehrwertsteuer für die Gastrobranche erhöht. Augen zu und durch? Wir sprechen mit dem Haushaltsexperten der AfD-Fraktion im Bundestag und stellvertretenden Bundessprecher Peter Boehringer über die perfiden Haushaltstricks der etablierten Parteien, die der Bundesregierung nun auf die Füße fallen.

Außerdem: Mit der Übernahme der Netzentgelte durch den Bund geht dem Parlament wieder ein Stück Kontrolle verloren. Vorgeblich will man die Kosten für den Bau von Windkraft- und Solarplantagen gerechter verteilen – aber eigentlich geht es darum, dass die Bundesnetzagentur mit einem verlässlichen Grünen an ihrer Spitze schalten und walten kann, wie sie – und nicht der Bundestag – es für richtig hält. Darüber reden wir mit dem klimapolitischen Sprecher der AfD-Fraktion im Bundestag, Karsten Hilse.
"
DRd1gTFoGv0,434,2021-11-21,@AfDTV,https://www.youtube.com/watch?v=DRd1gTFoGv0,"
    Bernd Schattner | AfD persönlich

    ----------------------------------------

    Spenden Sie jetzt für eine wirkliche Alternative!
https://www.afd.de/spenden

Alternative für Deutschland
Berliner Volksbank e. G.
IBAN: DE94 1009 0000 2661 2620 20
BIC: BEVODEBB

Für eine Überweisung nutzen Sie bitte die obenstehende Bankverbindung. Bitte geben Sie auf der Überweisung Ihre genaue Anschrift an, damit die Spende korrekt zugeordnet werden kann. Sie erhalten im ersten Quartal des folgenden Jahres von der AfD eine Zuwendungsbescheinigung, die Sie zusammen mit Ihrer Steuererklärung beim zuständigen Finanzamt einreichen können.

+++++

Über die Landesliste in Rheinland-Pfalz zog Bernd Schattner mit der Bundestagswahl 2021 erstmals in den Deutschen Bundestag ein. Der langjährige selbständige Unternehmer und Inhaber eines Küchenstudios möchte sich im Landwirtschaftsausschuss des Bundestages engagieren. Für Schattner ist klar: Wir brauchen Maßnahmen, um auch auf dem Land mehr qualifiziertes Personal zu gewinnen – dazu müsse auch eine Digitalisierungs-Offensive gehören, so Schattner.

++++

Spenden Sie jetzt für eine wirkliche Alternative!
https://www.afd.de/spenden

Abonnieren Sie jetzt unseren Youtube-Kanal mit nur einem Klick auf:
https://www.youtube.com/c/AfDKanal

Folgen Sie uns auf Facebook: https://www.facebook.com/alternativefuerde
Folgen Sie uns auf Twitter: https://twitter.com/AfD
Folgen Sie uns über Telegram: https://t.me/afdbrennpunkt
Folgen Sie uns auf Instagram: https://www.instagram.com/afd.bund/
oder informieren Sie sich über: https://afdkompakt.de/
"
3CrE2mzbFHU,34,2021-07-13,@AfDTV,https://www.youtube.com/watch?v=3CrE2mzbFHU,"
    Es gibt nur zwei Geschlechter?

    ----------------------------------------

    Spenden Sie jetzt für eine wirkliche Alternative!
https://www.afd.de/spenden

Für eine Überweisung nutzen Sie bitte die untenstehende Bankverbindung. Bitte geben Sie auf der Überweisung Ihre genaue Anschrift an, damit die Spende korrekt zugeordnet werden kann. Sie erhalten im ersten Quartal des folgenden Jahres von der AfD eine Zuwendungsbescheinigung, die Sie zusammen mit Ihrer Steuererklärung beim zuständigen Finanzamt einreichen können.

Alternative für Deutschland
Berliner Volksbank e. G.
IBAN: DE94 1009 0000 2661 2620 20
BIC: BEVODEBB

Die stellvertretende Bundessprecherin Beatrix von Storch präsentiert einige AfD-Themen und fragt Sie nach Ihrer Meinung. Gibt es nur zwei Geschlechter? Gibt es eine deutsche Leitkultur? Für viele einfache Wahrheiten gibt es im Bundestag nur einen Verfechter: die AfD.

Abonnieren Sie jetzt unseren Youtube-Kanal mit nur einem Klick auf:
https://www.youtube.com/c/afdkanal?sub_confirmation=1

Folgen Sie uns auf Facebook: https://www.facebook.com/alternativefuerde/
Folgen Sie uns auf Twitter: https://twitter.com/AfD
Folgen Sie uns über Telegram: https://t.me/afdbrennpunkt
Folgen Sie uns auf Instagram: https://www.instagram.com/afd.bund/
oder informieren Sie sich über: https://afdkompakt.de/


#shorts
"
9G3S08noCt4,2918,2022-06-10,@AfDTV,https://www.youtube.com/watch?v=9G3S08noCt4,"
    Nie mehr Abschiebung? | 7 Tage Deutschland, Ausgabe 23/22 des AfD Wochenendpodcasts vom 10.06.2022

    ----------------------------------------

    Antifa-Faeser, die Innenministerin von der SPD, will auch illegale Migranten belohnen: Wer es schafft, über fünf Jahre nicht abgeschoben zu werden, darf für immer bleiben. So der Plan. Hartz 4 und Gesundheitskarte für alle Ewigkeit - und ja: Vielleicht sogar noch die deutsche Staatsbürgerschaft obendrauf. Der AfD-Innenexperte im Bundestag, Dr. Gottfried Curio, spricht vom ""Lohn der Lüge"". Denn: Wer seinen Pass wegwirft und nicht sagt, woher er kommt, der kann dann auch nirgendwohin abgeschoben werden. (Ab Minute 03:10) https://www.facebook.com/GottfriedCurio.AfD/

Windräder dürfen nicht näher als 1000 Meter an Wohnhäuser rücken: So steht es in einem Gesetzentwurf für den Thüringer Landtag. Eingebracht von der CDU. Die AfD-Fraktion signalisiert: Dem stimmen wir zu, das ist ein guter Plan. Entsetzen bei der CDU – und gespielte Entrüstung bei den Mainstream-Medien. CDU und AfD stimmen zu und bringen ein Gesetz durch? Und siehe da: Schwupps ist das Gesetz wieder verschwunden von der Tagesordnung. Über die Feigheit der CDU spricht die umwelt- und energiepolitische Sprecherin der Thüringer AfD-Fraktion, Nadine Hoffmann. (Ab Minute 13:15)  https://www.facebook.com/NadineHoffmannAfD

An diesem Donnerstag ging diese Meldung durch das Land: Benzin kostet wieder über zwei Euro! Die Ampel macht ein stümperhaftes Gesetz, in welchem nicht steht, dass der Tankrabatt auch an die Bürger weiterzugeben ist. Die vermeintliche Entlastung stecken sich jetzt die Mineralölkonzerne ein, die teils seit Beginn des Jahres Ihre Gewinne schon bis zu verdreifacht haben. Tank-Abzocke und kein Ende – dazu AfD-Bundessprecher Tino Chrupalla. (Ab Minute 26:24) https://www.facebook.com/TinoAfD

Das EU-Parlament beschließt das Ende des Verbrennungsmotors. Ab 2035 keine Neuzulassungen mehr. Was das für die ganze Branche bedeutet und welche Folgen das für uns alle haben wird, dazu Dr. Sylvia Limmer, EU-Abgeordnete und umweltpolitische Sprecherin der AfD-Delegation, heute im Podcast. (Ab Minute 30:55) https://www.facebook.com/Sylvia.Limmer.MdEP/

Und: Sonntag wählt Dresden einen neuen Oberbürgermeister. Für die AfD tritt der gebürtige Sachse und Rechtsanwalt Dr. Maximilian Krah an. Die CDU hat keinen eigenen Kandidaten, Union und FDP schicken einen ins Rennen, der nur mit Glück überhaupt zur Wahl zugelassen wurde. Maximilian Krah spricht über seine Chancen und sein Programm heute hier im Podcast. (Ab Minute 39:44) https://dresden-gewinnt.de/

Holen Sie sich jetzt den AfD-Wochenendpodcast als App für Ihr Handy! Die AfD-Podcast-App für Android (z.B. Samsung, Motorola, etc.): https://play.google.com/store/apps/details?id=tv.wizzard.android.afdradio21

Und für Apple-Mobiltelefone und Tablets: https://apps.apple.com/de/app/afd-podcast/id1575774285

Kontakt zur Redaktion:

Telegram https://telegram.me/afd_podcast

WhatsApp http://wa.me/493043970765

Telefon tel:+493043970765
"
Zm-JJDVx1fQ,315,2021-03-09,@AfDTV,https://www.youtube.com/watch?v=Zm-JJDVx1fQ,"
Joana Cotar zum Vertrauensverlust von demokratischen Institutionen

----------------------------------------

Die Bundestagsabgeordnete und Mitglied im Bundesvorstand der AfD, Joana Cotar, hält der Bundesregierung und den Regierungsfraktionen in der Debatte zum Vertrauensverlust der Bürger in die demokratischen Institutionen den Spiegel vor und zählt die zahlreichen, für die Handelnden aber größtenteils folgenlosen Skandale und Korruptionsfälle der letzten Jahre auf.
"
WrH9EAIGdXQ,1472,2022-11-25,@AfDTV,https://www.youtube.com/watch?v=WrH9EAIGdXQ,"
    Vermittlungsausschuss: Verloren hat die Demokratie! | 7 Tage Deutschland, Ausgabe 44/22

    ----------------------------------------

    Vermittlungsausschuss: Verloren hat die Demokratie! | 7 Tage Deutschland, Ausgabe 44/22 des AfD-Wochenendpodcasts

Mit: AfD-Bundessprecher Tino Chrupalla, dem Haushaltsexperten der AfD Bundestagsfraktion Peter Boehringer und dem stellvertretenden AfD-Bundessprecher Stephan Brandner.
"
-3d-mT4xvww,113,2019-10-26,@AfDTV,https://www.youtube.com/watch?v=-3d-mT4xvww,"
    ❝Keine Politik mehr gegen die AfD!❞ | Björn Höcke

    ----------------------------------------

    +++ Am Sonntag findet die Landtagswahl in #Thüringen statt! +++

Der thüringische Spitzenkandidat Björn #Höcke blickt auf einen anstrengenden, aber auch erfolgreichen Wahlkampf zurück und erwartet, dass sich die Gewichte im Erfurter Landtag zu  Gunsten der #AfD verschieben werden.

Alle Informationen zur Wahl:
https://www.afd-thueringen.de/landtagswahl-2019/

JETZT unseren Kanal abonnieren:
https://www.youtube.com/channel/UCq2rogaxLtQFrYG3X3KYNww/about?sub_confirmation=1
"
PsnQ9ERQKMs,674,2021-08-19,@AfDTV,https://www.youtube.com/watch?v=PsnQ9ERQKMs,"
    Beatrix von Storch | AfD persönlich

    ----------------------------------------

    Die Bundestagsabgeordnete Beatrix von Storch ist stellvertretende Bundessprecherin der Alternative für Deutschland. Im Gespräch mit „AfD TV“  beschreibt sie die Beweggründe für ihr politisches Engagement. Außerdem blickt sie noch einmal auf ihre umfangreichen Initiativen gegen die Euro-Politik der Altparteien zurück, mit denen sie bereits vor der Entstehung der AfD begonnen hatte.

++++

Spenden Sie jetzt für eine wirkliche Alternative!
https://www.afd.de/spenden

Abonnieren Sie jetzt unseren Youtube-Kanal mit nur einem Klick auf:
https://www.youtube.com/c/afdkanal?su...

Folgen Sie uns auf Facebook: https://www.facebook.com/alternativef...
Folgen Sie uns auf Twitter: https://twitter.com/AfD
Folgen Sie uns über Telegram: https://t.me/afdbrennpunkt
Folgen Sie uns auf Instagram: https://www.instagram.com/afd.bund/
oder informieren Sie sich über: https://afdkompakt.de/
"
lrTAR9EPJdU,114,2023-02-06,@AfDTV,https://www.youtube.com/watch?v=lrTAR9EPJdU,"
    10 Jahre AfD: Bereit für mehr!

    ----------------------------------------

    10 Jahre AfD: Bereit für mehr!

Am 6. Februar 2013 wurde im hessischen Oberursel die Alternative für Deutschland gegründet. Anlässlich des zehnten Geburtstags unserer Bürgerpartei kann man nur feststellen, dass die Etablierung der AfD eine einzigartige Erfolgsgeschichte ist. Und wir sind bereit für mehr: Wir wollen politische Verantwortung übernehmen, um Deutschland wieder auf einen Kurs der Vernunft zu führen.
"
1UDKlbkw-RM,1191,2022-05-07,@AfDTV,https://www.youtube.com/watch?v=1UDKlbkw-RM,"
    Tino Chrupalla: „Nur die AfD ist standhaft geblieben!“

    ----------------------------------------

    An diesem Sonntag ist es so weit: In Schleswig-Holstein, unserem nördlichsten Bundesland, wird ein neuer Landtag gewählt. Die AfD hat gute Chancen auf den Wiedereinzug ins Parlament und auf eine Verbesserung des Ergebnisses der vorangegangenen Landtagswahl. Beim Wahlkampfabschluss in Lübeck lässt AfD-Bundessprecher Tino Chrupalla keinen Zweifel: Das langfristige Ziel für die AfD muss darin bestehen, dass wir mitregieren – im Westen genauso wie im Osten.

Ein wichtiges Wahlkampfthema ist derzeit – wie sollte es anders sein – die Ukraine-Krise. Denn für eine starke und unabhängige Wirtschaft, so Chrupalla, brauchen wir auch Frieden auf dem Kontinent. Doch als Familienvater und Sohn von Vertriebenen ist der Politiker „einfach nur noch sprachlos und traurig“, wenn er sieht, wie die Altparteien mit dem Thema umgehen. Seine Schlussfolgerung: In die Hände solcher schlafwandelnden Traumtänzer dürfen wir unser Land nicht noch einmal legen. Wenn der SPD-Fraktionsvorsitzende Mützenich fordert, man müsse Russland diplomatisch isolieren, dann kann Chrupalla darüber nur mit dem Kopf schütteln: „Wenn man Jemanden diplomatisch isoliert, dann kann man auch nicht mehr diplomatisch verhandeln.“ Die AfD werde sich gegen die Kriegstreiberei der Altparteien stellen, versicherte Chrupalla.

Dass hartnäckige Oppositionsarbeit dabei durchaus erfolgreich sein kann, zeigt die gescheiterte Impfpflicht. „Wer hätte das noch vor drei Monaten für möglich gehalten?“, fragt Chrupalla. „Wir haben es für möglich gehalten. Wir haben dran geglaubt, wir haben uns nicht einschüchtern lassen, wir sind nicht umgekippt!“ Chrupalla erinnert daran, dass alle Altparteien zunächst versicherten, dass es keine Impfpflicht geben würde. Alle sind umgekippt. „Nur die Alternative für Deutschland ist standhaft geblieben!“, betont Chrupalla nicht ohne berechtigtes Selbstbewusstsein. Als Nächstes werde die AfD dafür sorgen, dass auch die Impfpflicht für das Gesundheits- und Pflegepersonal zurückgenommen wird. Denn die Pflegekräfte, so Chrupalla, haben Respekt und anständige Bezahlung verdient – und nicht Zwang und Nötigung.

Mehr Geld im Portemonnaie verdient haben auch unsere Bürger, die tagtäglich zur Arbeit fahren und finanziell immer schlechter dastehen. Im vergangenen Monat hatten wir bereits eine Inflationsrate von 7,3 Prozent, bei den Verbraucherpreisen sind es mehr als 30 Prozent. Außerdem haben wir längst die höchsten Strompreise in Europa – und zwar schon vor dem Ukraine-Krieg, wie Chrupalla betont. Und nun wolle die Bundesregierung den Ausstieg aus dem russischen Gas, ohne zu wissen, wie die Versorgung stattdessen stattfinden soll – und wie es bezahlt werden soll. Für Chrupalla steht dagegen fest: „Kein Deutscher hat zu frieren, weil die Regierung versagt!“ Seine wichtigsten Rezepte für eine finanzielle Entlastung der Bürger: Energiesteuer abschaffen, CO2-Steuer abschaffen, Mehrwertsteuer deutlich sinken, Kernenergie-Ausstieg und Kohle-Ausstieg stoppen! Die AfD ist laut Chrupalla denn auch die einzige Partei im Deutschen Bundestag, die sich glaubwürdig für den Mittelstand und die Mittelschicht einsetzt.
"
KjlLRRI8Y6w,414,2023-10-27,@AfDTV,https://www.youtube.com/watch?v=KjlLRRI8Y6w,"
Islamistischer Antisemitismus: Man hat zu lange die Augen davor verschlossen

----------------------------------------

Jeden Freitag droht die Lage in #berlin  zu eskalieren: Wenn sich in der Hauptstadt tausende #Hamas-Anhänger nach ihrem #Freitagsgebet versammeln, um gegen #Israel zu demonstrieren, greift der #Antisemitismus um sich. Die #polizei  hat alle Hände voll zu tun, solche Kundgebungen aufzulösen – wenn sie es denn überhaupt noch versucht. „Wir haben zu lange die Augen verschlossen vor dem importierten Antisemitismus“, sagt Kristin Brinker, #AfD-Vorsitzende in der Hauptstadt und Fraktionschefin der AfD im #Abgeordnetenhaus, über die Berliner Politik. Zu lange wurden antisemitische Straftaten islamistischer Prägung unter „rechte Gewalt“ verbucht, zu bereitwillig wurden immer mehr potenzielle #Straftäter aufgenommen. Und auch von Bundesseite her wird viel zu wenig unternommen, um die Umtriebe zu unterbinden. Denn während Innenministerin #Feser Urlaub auf Mallorca macht, gerät die innere Sicherheit immer mehr aus den Fugen.
"
Nx2rIJGyf2M,139,2020-12-02,@AfDTV,https://www.youtube.com/watch?v=Nx2rIJGyf2M,"
    ""Tatkräftig am Ausbau des Wahlergebnisses arbeiten!"" - Christian Waldheim

    ----------------------------------------

    Christian Waldheim im Interview mit Jonas Dünzel auf dem AfD-Bundesparteitag in Kalkar.

Noch kein Fan unseres Kanals? Jetzt abonnieren!
"
UQ9GbrPYFAg,245,2021-12-01,@AfDTV,https://www.youtube.com/watch?v=UQ9GbrPYFAg,"
    Wir sind klar GEGEN die IMPF-PFLICHT!

    ----------------------------------------

    Spenden Sie jetzt für eine wirkliche Alternative!
https://www.afd.de/spenden

Alternative für Deutschland
Berliner Volksbank e. G.
IBAN: DE94 1009 0000 2661 2620 20
BIC: BEVODEBB

Für eine Überweisung nutzen Sie bitte die obenstehende Bankverbindung. Bitte geben Sie auf der Überweisung Ihre genaue Anschrift an, damit die Spende korrekt zugeordnet werden kann. Sie erhalten im ersten Quartal des folgenden Jahres von der AfD eine Zuwendungsbescheinigung, die Sie zusammen mit Ihrer Steuererklärung beim zuständigen Finanzamt einreichen können.

+++++

Es ist ein schlimmes Signal: Das Bundesverfassungsgericht hat am heutigen Dienstag die sogenannte „Bundesnotbremse“ als verfassungsgemäß eingestuft. Unverhältnismäßige Corona-Maßnahmen wie Ausgangssperren, Kontaktbeschränkungen und Schulschließungen wurden somit juristisch gebilligt. Sehen Sie hier den Kommentar von AfD-Bundessprecher Tino Chrupalla und dem stellvertretenden Bundessprecher Stephan Brandner!

++++

Spenden Sie jetzt für eine wirkliche Alternative!
https://www.spenden.afd.de/

Abonnieren Sie jetzt unseren Youtube-Kanal mit nur einem Klick auf:
https://www.youtube.com/c/AfDKanal

Folgen Sie uns auf Facebook: https://www.facebook.com/alternativefuerde
Folgen Sie uns auf Twitter: https://twitter.com/AfD
Folgen Sie uns über Telegram: https://t.me/afdbrennpunkt
Folgen Sie uns auf Instagram: https://www.instagram.com/afd.bund/
oder informieren Sie sich über: https://afdkompakt.de/
"
svChDSaiQGA,220,2022-03-05,@AfDTV,https://www.youtube.com/watch?v=svChDSaiQGA,"
    Klare Worte zu anhaltenden Corona-Gängeleien der Ampel-Parteien!

    ----------------------------------------

    ++💙  Gesund ohne Zwang Aktionstag 2022  💙++
Am 5. März 2022 bringen wir den friedlichen Protest gegen diese Corona-Politik auf die Straße – deutschlandweit! Gemeinsam möchten wir in vielen Städten in Land ein Zeichen gegen Impfzwang, Diffamierung und Spaltung und für die Freiheit, für ein solidarisches Miteinander, für unsere Kinder und für Normalität aufstehen. Wir laden Sie ein, sich unserem Protest anzuschließen. Besuchen Sie uns, damit die Stimmen der Vernunft unüberhörbar werden.

Gesund ohne Zwang! Folgen Sie JETZT unserem Kanal auf Telegram!
https://t.me/gesundohnezwang

Unser Aktionstag findet deutschlandweit in vielen Städten statt:

https://gesund-ohne-zwang.de/aktionstag-2022/
Mehr Informationen zu unserer Kampagne finden Sie unter:
https://gesund-ohne-zwang.de/

Unsere Veranstaltungen finden Sie auch auf Facebook:
München: https://fb.me/e/52DpFlEbm
Dresden: https://fb.me/e/18l6Pd1pP
Düsseldorf: https://fb.me/e/1xakcA2OZ
Hannover: https://fb.me/e/16ziaNSOh
Reutlingen: https://fb.me/e/1w5PLhoaW
Magdeburg: https://fb.me/e/1qRhTQBO6
Schwerin: https://fb.me/e/1vyU591j8
Wiesbaden: https://fb.me/e/1ANbOZbNX
Neumünster: https://fb.me/e/18fAaEMnL
"
_lbhUOvPEyE,247,2023-05-12,@AfDTV,https://www.youtube.com/watch?v=_lbhUOvPEyE,"
    Eine echte Migrationswende gibt es nur mit der AfD!

    ----------------------------------------

    Man stelle sich das mal vor: Andere Länder machen einfach Politik für die eigenen Bürger! Im Deutschland unter der Ampelregierung ist das schwer vorstellbar, aber Dänemark oder Ungarn schieben illegale Migranten einfach ab – auch in Länder wie Syrien! Dabei wollen auch die Deutschen endlich die Migrationswende. Und dass die nur mit der AfD zu machen ist, hat sich erneut im Bundestag gezeigt. Die Union hat einen Antrag zum Thema eingebracht: „Die eine Hälfte dieses Antrags stammt von der AfD, und die andere Hälfte ist einfach nicht gut“, so das vernichtende Urteil des innenpolitischen Sprechers der AfD-Bundestagsfraktion, Dr. Gottfried Curio.

Denn schon längst hätte man einen der zahllosen AfD-Anträge in der Vergangenheit unterstützen können. Und man hätte schon längst Rückführungsabkommen mit den entsprechenden Herkunftsländern – Afghanistan, Syrien, Irak und viele weitere – abschließen können. Und wenn die nicht wollen, dann muss man eben bei der Entwicklungshilfe oder bei den Visa ansetzen. Keinesfalls aber dürfe man, wie es die Ampelregierung permanent macht, die Anreize zur Einwanderung erhöhen – durch steigende Sozialleistungen oder eben ausbleibende Rückführungen.

Und natürlich müsse auch die Liste der sicheren Herkunftsstaaten aktualisiert werden. Sofort könnten eine Million Syrer, die es sich hier auf Kosten der arbeitenden Bevölkerung gutgehen lassen, außer Landes gebracht werden. „Aber es finden keine Verhandlungen statt über ein Migrationsabkommen mit Syrien. Das will auch die Union nicht, obwohl der Bürgerkrieg dort längst vorbei ist“, unterstreicht Curio. Und setzt hinzu: „Nicht in der Union, aber in Syrien!“
"
2HeGLXWBUZ0,146,2022-06-19,@AfDTV,https://www.youtube.com/watch?v=2HeGLXWBUZ0,"
    Die Interessen der Deutschen auch im Ausland vertreten - das will die AfD

    ----------------------------------------

    Der Vorstand ist aufgestellt, die Personaldebatten beendet, der Auftrag klar – was sind nun die nächsten Schritte? Im AfD-TV-Interview erläutert der gerade im Amt bestätigte Bundessprecher Tino Chrupalla, wie es nach dem 13. Bundesparteitag im sächsischen Riesa weitergeht. Es waren drei Tage, die er hart, aber interessant nennt. Und ein Gewinn für die AfD, denn im Bundesvorstand sind nun alle Strömungen der Partei vertreten.

Die wichtigsten Themen für die Bürger, sagt er, sind auch von den Rednern immer wieder angesprochen worden: Zum einen die steigende Inflation und zum anderen die Sanktionen gegen Russland. „Wir wollen die Interessen der Deutschen Bürger vertreten, und das auch im Ausland“, kündigt er an. Schon in dieser Woche tritt der neue Vorstand zu seiner Konstituierung zusammen. Und dann werden auch die Aufgabengebiete verteilt. Chrupalla freut sich besonders, dass auch die nächste Generation darin vertreten ist. Die Zukunft der AfD ist also in guten Händen. Und das mit der Zukunft Deutschlands bekommen wir auch noch hin!
"
xe14KJ2T1pw,504,2021-11-20,@AfDTV,https://www.youtube.com/watch?v=xe14KJ2T1pw,"
    René Bochmann | AfD persönlich

    ----------------------------------------

    Der Bürokaufmann und Baufacharbeiter René Bochmann gehört nach dem Erringen des Direktmandats in Nordsachsen dem Deutschen Bundestag an. Fassungslos blickt Bochmann auf die Widersprüchlichkeit und Unverhältnismäßigkeit der Corona-Maßnahmen. Bochmann setzt sich deshalb für unsere Grundrechte ein und wendet sich gegen den 2G-Zwang.

++++

Spenden Sie jetzt für eine wirkliche Alternative!
https://www.afd.de/spenden

Abonnieren Sie jetzt unseren Youtube-Kanal mit nur einem Klick auf:
https://www.youtube.com/c/afdkanal?su...

Folgen Sie uns auf Facebook: https://www.facebook.com/alternativef...
Folgen Sie uns auf Twitter: https://twitter.com/AfD
Folgen Sie uns über Telegram: https://t.me/afdbrennpunkt
Folgen Sie uns auf Instagram: https://www.instagram.com/afd.bund/
oder informieren Sie sich über: https://afdkompakt.de/
"
Mi_IACInu1U,1990,2020-09-04,@AfDTV,https://www.youtube.com/watch?v=Mi_IACInu1U,"
    7 Tage Deutschland - der AfD-Podcast vom 04.09.2020

    ----------------------------------------

    7 Tage Deutschland – Ausgabe Nr. 11 des Wochenend-Podcasts der AfD


Sie hören uns bei Apple, Google, Spotify, direkt über afd.de/podcast und überall dort wo es Podcasts gibt.

Unsere Themen:

Der Wirecard-Sumpf, in dem Merkel, von Guttenberg, Scholz und viele andere führende Köpfe der Altparteien stecken, ist so tief, dass er in einem Untersuchungsausschuss aufgearbeitet werden muss. Aufzuklären gibt es viel. Der AfD-Finanzexperte im Bundestag, Kay Gottschalk erklärt, wie weit die Vorbereitungen für den Untersuchungs-Ausschuss sind. Das ganze TV-Interview sehen Sie bei AfD-TV: https://youtu.be/YPvvVspgLoE

Außerdem: An diesem Wochenende vor 5 Jahren - Tausende und abertausende Migranten strömen nach Deutschland. Die Bundespolizei will die Grenzen schließen. Merkel mischt sich ein und ändert die Schließungsverfügung. Von ‚Zurückweisung‘ der Migranten ist darin nicht mehr die Rede. Stattdessen soll die Bundespolizei jetzt den Weitertransport der Migranten organisieren. AfD-Bundessprecher Jörg Meuthen kommentiert 5 Jahre „Wir schaffen das“.

Und: Keine der Großdemos der vergangenen Wochen hat – obwohl kaum jemand Maske trug – zu erhöhten Infektionszahlen geführt. Und doch setzt der Berliner Senat in dieser Woche eine Maskenpflicht bei Demos in Kraft. Auf Betreiben des SED – jetzt SPD – Innensenators Geisel wird eine willkürliche Maulkorbpflicht verordnet, die die Opposition schwächen und die Demos leichter verbietbar machen soll. Dazu die Meinung vom Berliner AfD-Landespolitiker Karsten Woldeit hier in 7 Tage Deutschland.

Und wir sehen uns 10 Fragen an, die bisher keine Antwort bekommen haben. AfD Bundessprecher Tino Chrupalla will wissen, wer wirklich hinter dem sogenannten „Sturm auf den Reichstag“ steckt – der vieles war aber sicherlich kein Sturm.

Wir schauen zudem auf die aktuellen Meldungen aus den Ländern.

Darin:

Messerattacke in Bayern: Täter reiste als sogenannter „Flüchtling“ nach Deutschland ein - Gesundheitsminister Spahn gibt AfD-Positionen recht - Fachkräftelüge erneut aufgeflogen: Die Integration ist gescheitert - Rheinland-pfälzische Kleinstadt wird zum Schlachtfeld migrantischer Großfamilien


Moderation: Detlev Frye

Beiträge, Kommentare, Anregungen, Lob oder Kritik bitte auf unseren Anrufbeantworter oder als Sprach- oder Textnachricht  über WhatsApp an (030) 439 707 65.
"
CWX53UZosMQ,301,2019-12-03,@AfDTV,https://www.youtube.com/watch?v=CWX53UZosMQ,"
    AfD-Parteitag | Stephan Brandners Bewerbungsrede

    ----------------------------------------

    Rede von Stephan #Brandner zur Kandidatur zum zweiten stellvertretenden #AfD-Bundessprecher in #Braunschweig. Die Wahl gewann er mit 61,9 %. Herzlichen Glückwunsch!

JETZT Kanal abonnieren!
https://www.youtube.com/channel/UCq2rogaxLtQFrYG3X3KYNww/about?sub_confirmation=1
"
wCWnoq6tjSA,508,2021-09-18,@AfDTV,https://www.youtube.com/watch?v=wCWnoq6tjSA,"
    Dirk Spaniel | AfD persönlich

    ----------------------------------------

    Spenden Sie jetzt für eine wirkliche Alternative!
https://www.afd.de/spenden

Alternative für Deutschland
Berliner Volksbank e. G.
IBAN: DE94 1009 0000 2661 2620 20
BIC: BEVODEBB

Für eine Überweisung nutzen Sie bitte die obenstehende Bankverbindung. Bitte geben Sie auf der Überweisung Ihre genaue Anschrift an, damit die Spende korrekt zugeordnet werden kann. Sie erhalten im ersten Quartal des folgenden Jahres von der AfD eine Zuwendungsbescheinigung, die Sie zusammen mit Ihrer Steuererklärung beim zuständigen Finanzamt einreichen können.

+++++

Der Diplom-Ingenieur Dirk Spaniel ist verkehrspolitischer Sprecher der AfD-Bundestagsfraktion. Seit Jahren beobachtet er, wie die Sozialisten den Individualverkehr zum ideologischen Feindbild machen. Im Interview mit „AfD TV“ macht Spaniel allerdings auch deutlich, dass die AfD im Kampf gegen diese grüne Verbotspolitik erhebliche Erfolge erringen konnte.

+++++

Abonnieren Sie jetzt unseren Youtube-Kanal mit nur einem Klick auf:
https://www.youtube.com/c/afdkanal?su...

Folgen Sie uns auf Facebook: https://www.facebook.com/alternativef...
Folgen Sie uns auf Twitter: https://twitter.com/AfD
Folgen Sie uns über Telegram: https://t.me/afdbrennpunkt
Folgen Sie uns auf Instagram: https://www.instagram.com/afd.bund/
oder informieren Sie sich über: https://afdkompakt.de/
"
BqZCZVv2uzQ,234,2022-01-07,@AfDTV,https://www.youtube.com/watch?v=BqZCZVv2uzQ,"
    Rentner und Geringverdiener ENTLASTEN!

    ----------------------------------------

    Die Inflationsrate erklimmt mit 5,3 Prozent den höchsten Stand seit Anfang der neunziger Jahre – doch die Ampelmänner denken nicht daran, die Steuer- und Abgabenlast spürbar zu senken. Doch die AfD-Bundestagsabgeordnete Gerrit Huy sieht akuten Handlungsbedarf: Statt immer neuer Abgaben und Belastungen brauchen wir endlich eine Entlastung unserer Rentner und Geringverdiener!

++++

Spenden Sie jetzt für eine wirkliche Alternative!
https://www.spenden.afd.de/

Alternative für Deutschland
Berliner Volksbank e. G.
IBAN: DE94 1009 0000 2661 2620 20
BIC: BEVODEBB

Für eine Überweisung nutzen Sie bitte die obenstehende Bankverbindung. Bitte geben Sie auf der Überweisung Ihre genaue Anschrift an, damit die Spende korrekt zugeordnet werden kann. Sie erhalten im ersten Quartal des folgenden Jahres von der AfD eine Zuwendungsbescheinigung, die Sie zusammen mit Ihrer Steuererklärung beim zuständigen Finanzamt einreichen können.

++++

Abonnieren Sie jetzt unseren Youtube-Kanal mit nur einem Klick auf:
https://www.youtube.com/c/AfDKanal

Folgen Sie uns auf Facebook: https://www.facebook.com/alternativefuerde
Folgen Sie uns auf Twitter: https://twitter.com/AfD
Folgen Sie uns über Telegram: https://t.me/afdbrennpunkt
Folgen Sie uns auf Instagram: https://www.instagram.com/afd.bund/
oder informieren Sie sich über: https://afdkompakt.de/
"
9gZtc06esfg,184,2017-12-09,@AfDTV,https://www.youtube.com/watch?v=9gZtc06esfg,"
Rede von Steffen Königer auf dem AfD-Bundesparteitag in Hannover

----------------------------------------

Mit dem Potsdamer Steffen Königer schaffte es der dritte Brandenburger in den neugewählten AfD-Bundesvorstand.
"
zkuRPXYYiwA,185,2022-01-04,@AfDTV,https://www.youtube.com/watch?v=zkuRPXYYiwA,"
    „Die Ampel wird für VERFOLGTE CHRISTEN zur TODES-AMPEL!“

    ----------------------------------------

    Spenden Sie jetzt für eine wirkliche Alternative!
https://www.spenden.afd.de/

Alternative für Deutschland
Berliner Volksbank e. G.
IBAN: DE94 1009 0000 2661 2620 20
BIC: BEVODEBB

Für eine Überweisung nutzen Sie bitte die obenstehende Bankverbindung. Bitte geben Sie auf der Überweisung Ihre genaue Anschrift an, damit die Spende korrekt zugeordnet werden kann. Sie erhalten im ersten Quartal des folgenden Jahres von der AfD eine Zuwendungsbescheinigung, die Sie zusammen mit Ihrer Steuererklärung beim zuständigen Finanzamt einreichen können.

+++++

Der AfD-Abgeordnete und menschenrechtspolitische Sprecher Jürgen Braun prangert an: Seit 16 Jahren werden die weltweiten Christen-Verfolgungen von der CDU kleingeredet – und auch für die Ampel-Koalition ist das Schicksal der Verfolgten so gut wie kein Thema. Nur noch die AfD setzt sich konsequent für Religionsfreiheit ein!

++++

Abonnieren Sie jetzt unseren Youtube-Kanal mit nur einem Klick auf:
https://www.youtube.com/c/AfDKanal

Folgen Sie uns auf Facebook: https://www.facebook.com/alternativefuerde
Folgen Sie uns auf Twitter: https://twitter.com/AfD
Folgen Sie uns über Telegram: https://t.me/afdbrennpunkt
Folgen Sie uns auf Instagram: https://www.instagram.com/afd.bund/
oder informieren Sie sich über: https://afdkompakt.de/
"
_lDIY9KUzKM,289,2023-09-28,@AfDTV,https://www.youtube.com/watch?v=_lDIY9KUzKM,"
Lektion fürs Bauministerium: Abschieben schafft Wohnraum

----------------------------------------

Das Bundesbauministerium bekommt es nicht auf die Reihe: 400.000 Wohnungen wollte die Ampel pro Jahr schaffen, findet aber weder Investoren noch Baufirmen. Die AfD-Fraktion hat in der Fragestunde des Bundestages etwas ganz Naheliegendes vorgeschlagen: Die 300.000 illegalen Migranten, die sich weiterhin in Deutschland aufhalten, könnte man doch einfach abschieben – und damit die Lage entspannen. Im ideologisch gefärbten Ministerium will man davon aber nichts wissen. Migranten? Das sind doch alles Kriegsflüchtlinge aus der Ukraine! Und wer etwas anderes behauptet, hat ein beschränktes Weltbild! Selten wird die Ignoranz der Bundesregierung so deutlich wie in diesen Minuten im Plenum.
"
0wMElvY31Ao,779,2022-04-30,@AfDTV,https://www.youtube.com/watch?v=0wMElvY31Ao,"
    AfD-Fraktion holt Baerbock zurück auf den Boden

    ----------------------------------------

    Kein leichter Termin für Annalena Baerbock: Während sie bei Empfängen im Ausland wegen ihrer markigen Worte gegen Putin immer wieder beklatscht wird, ist es im Bundestag vorbei mit Bullerbü. Denn die AfD-Fraktion nimmt die Außenministerin von den Grünen in der Fragestunde erst einmal beiseite und erinnert sie an ihre Verantwortung dem eigenen Land gegenüber. „Können Sie dem deutschen Volk versprechen, dass es weder zu Lande noch zu Wasser und in der Luft zu einem Einsatz deutscher Truppen in der Ukraine kommen wird?“, fragt der AfD-Abgeordnete Martin Reichardt.

Die Antwort fällt zögerlicher aus, als man erwartet hätte: „Ich finde das eine unglaublich schwierige Abwägung“, sinniert Baerbock. Und erst auf Nachfrage räumt sie ein, dass Deutschland nicht Kriegspartei werde. Zugleich sagt sie aber auch, dass Deutschland seine internationalen Verpflichtungen erfüllen müsse.

Es ist nicht die einzige Baustelle, der sich Baerbock widmen müsste: So berichtet Jürgen Braun aus der AfD-Fraktion von der aktuellen Anschlagserie in Israel. Und davon, dass junge Araber zu Terroristen werden, auch weil die Täter und ihre Familien Zuwendungen von NGO’s erhalten. Und diese wiederum erhalten ihr Geld mitunter indirekt aus der deutschen Steuerkasse! So wurde die Organisation Addameer von Israel als Terrorgruppe eingestuft, eines der Mitglieder habe auch einen tödlichen Anschlag in Tel Aviv verübt. Die Grünen-nahe Heinrich-Böll-Stiftung führt Addameer als Partnerorganisation.

Der Abgeordnete Martin Sichert indes hakt nach, warum es nach den jüngsten Bombardements der Türkischen Armee auf Gebiete im Nord-Irak noch keine Sanktionen gegen die Türkei gibt? Immerhin hatte man eine vergleichbare Situation vor geraumer Zeit, als die Türkei Gebiete in Afghanistan bombardierte. Damals, erinnert Sichert, hatte Baerbock sofort den Stopp von Waffenlieferungen und Sanktionen gefordert. Ist die Haltung der Grünen-Vorsitzenden Baerbock etwa eine andere als die der Außenministerin Baerbock? Die weist das zurück und relativiert, dass es bislang noch keine bestätigten Berichte über die Vorfälle im Nord-Irak geben würde. Wenn es so ist, müsste man das als Bundesregierung aber kritisieren.

Und auf Nachfrage, ob das dann einen sofortigen Stopp von Rüstungsexporten bedeutet, muss die Ministerin lavieren: Zumindest werde es keine Lieferungen über bestehende Verträge hinaus geben. Und man dürfe ja nicht vergessen, dass die Türkei auch NATO-Partner ist.

++++

Spenden Sie jetzt für eine wirkliche Alternative!
https://www.spenden.afd.de/

Alternative für Deutschland
Berliner Volksbank e. G.
IBAN: DE94 1009 0000 2661 2620 20
BIC: BEVODEBB

Für eine Überweisung nutzen Sie bitte die obenstehende Bankverbindung. Bitte geben Sie auf der Überweisung Ihre genaue Anschrift an, damit die Spende korrekt zugeordnet werden kann. Sie erhalten im ersten Quartal des folgenden Jahres von der AfD eine Zuwendungsbescheinigung, die Sie zusammen mit Ihrer Steuererklärung beim zuständigen Finanzamt einreichen können.

++++

Abonnieren Sie jetzt unseren Youtube-Kanal mit nur einem Klick auf:
https://www.youtube.com/c/AfDKanal

Folgen Sie uns auf Facebook: https://www.facebook.com/alternativefuerde
Folgen Sie uns auf Twitter: https://twitter.com/AfD
Folgen Sie uns über Telegram: https://t.me/afdbrennpunkt
Folgen Sie uns auf Instagram: https://www.instagram.com/afd.bund/
oder informieren Sie sich über: https://afdkompakt.de/
"
xLmvDnEY0zw,5591,2019-11-07,@AfDTV,https://www.youtube.com/watch?v=xLmvDnEY0zw,"
    1 Jahr AG Verfassungsschutz | Pressekonferenz

    ----------------------------------------

    Vor einem Jahr hat die #AfD die interne Arbeitsgruppe Verfassungsschutz eingerichtet. Anlass war die öffentliche Bekanntgabe, dass das Bundesamt für #Verfassungsschutz #BfV Die Partei als ""Prüffall"" einstuft. Die Ergebnisse der Arbeitsgruppe sowie des in Auftrag gegebenen Gutachtens wurden am 7. November 2019 in Berlin von Bundessprecher Jörg Meuthen, AG-Leiter Roland Hartwig sowie dem Verfassungsrechtler Dietrich Murswiek der Öffentlichkeit vorgestellt.

JETZT unseren Kanal abonnieren:
https://www.youtube.com/channel/UCq2rogaxLtQFrYG3X3KYNww/about?sub_confirmation=1
"
qNYKjQBt0GI,788,2018-05-28,@AfDTV,https://www.youtube.com/watch?v=qNYKjQBt0GI,"
AfD-Großdemonstration in Berlin: Marie-Thérèse Kaiser vor dem Hauptbahnhof

----------------------------------------

Die Hamburger Modestudentin Marie-Thérèse Kaiser vertrat auf der Demonstration die junge Generation und hielt in Berlin ihre erste große öffentliche politische Rede.
"
r_nsEfeQbbw,142,2021-09-22,@AfDTV,https://www.youtube.com/watch?v=r_nsEfeQbbw,"
AfD-Wahlkampf-Friedrichshafen: Diese Corona-Politik STOPPEN!

----------------------------------------

Gemeinsam gegen gesellschaftliche Spaltung und Diskriminierung, gemeinsam für Grundrechte und Eigenverantwortung: Das ist der Standpunkt der AfD zur Corona-Politik, der auch bei der AfD-Wahlkampf-Veranstaltung in Friedrichshafen angesprochen wurde. Die AfD-Spitzenkandidaten zur Bundestagswahl, Alice Weidel und Tino Chrupalla, kritisierten die Bundesregierung scharf für ihren unsäglichen Spalter-Kurs.
"
OxV_nZAIIdA,1264,2022-05-05,@AfDTV,https://www.youtube.com/watch?v=OxV_nZAIIdA,"
    „Die AfD ist das demokratische Korrektiv in dieser gefährlichen Zeit“

    ----------------------------------------

    Der energiepolitische Wahnsinn der Altparteien kennt keine Grenzen – vor allem nicht im Norden. Da wird in Hamburg ein nagelneues Kohlekraftwerk nach nur sechs Jahren Betriebszeit endgültig stillgelegt – nur damit ein fast 60 Jahre altes Kohlekraftwerk in Schleswig-Holstein die Versorgung mit übernimmt. Immerhin: Obwohl das Kraftwerk Wedel der Stadt Hamburg gehört, liegt es aber in Schleswig-Holstein, sodass dessen CO²-Ausstoß dem Nachbarbundesland zugerechnet werden kann. Und dort nutzt ihn die Politik, um die Energiewende mit noch mehr Druck voranzutreiben. Jörg Nobis, Spitzenkandidat der AfD zur Landtagswahl in Schleswig-Holstein, entwickelt selbst als Norddeutscher ein gewisses Temperament, wenn er von den Verfehlungen der Landespolitik hüben wie drüben berichtet. Aber die Dummheit, mit welcher dort bisweilen agiert wird, ärgert ihn fast so sehr wie die Tatsache, dass die Medien über so etwas überhaupt nicht berichten.

Und es gibt noch viele weitere Beispiele, die er bei einer Wahlkampfveranstaltung in Lübeck aufzählt. So wurden allein in der letzten Legislaturperiode durch die Günther-Regierung so viele Schulden aufgenommen wie noch nie zu vor. „Das Geld auf Pump nutzte die bunte Jamaikatruppe!“ So wurden Millionen Euro für eine Handvoll Wölfe verpulvert oder für jahrelang laufende Gutachten darüber, wie sich die Nahrungsmittel für den Kormoran zusammensetzen. 2,5 Milliarden Euro wurden allein für die Migrationsfolgekosten ausgegeben! Und für 5,5 Milliarden Euro wurde ein Coronakredit an der Schuldenbremse vorbei aufgenommen. Das Geld, berichtet Nobis, wurde aber gar nicht ausschließlich im Gesundheitssektor ausgegeben – sondern für E-Mobilität, Klimawandel-Forschung und für politische Bildung.

Und auch die Umweltverbände hängen am öffentlichen Tropf. Und dafür klagen Nabu, BUND und Co. gegen den Staat, um zum Beispiel wichtige Verkehrsprojekte wie den Weiterbau der Autobahn 20 vor dem Oberverwaltungsgericht zu verhindern. Und das auch noch erfolgreich. Dass „Norddeutsche Energiewende 4.0“ gar nicht so gut läuft, wie man gern behauptet, kann Jörg Nobis ebenfalls erläutern – denn zwar wird rein rechnerisch ohne Ende Strom produziert. Aber da man den nicht speichern kann, verschwindet er im Nirwana. Die Energieproduzenten lassen sich das entschädigen – mit Steuergeld. Unterm Strich haben die Schleswig-Holsteiner seit 2015 rund zwei Milliarden Euro für diesen Phantomstrom zahlen müssen. Ein ähnliches Phänomen übrigens beim im letzten Sommer stillgelegten Kohlekraftwerk in Hamburg: Das produzierte neben Strom zwar auch Wärme, es war aber nicht ans Fernwärmenetz angeschlossen worden – und blies die Wärme in die Luft!

Aber auch auf Bundes- und Europaebene werde viel „Murks“ gemacht, so Nobis. Ob es nun die Sanktionen gegen Russland sind, die eigentlich nur den Deutschen Bürgern schaden. Oder die buchstäblich grenzenlose Flüchtlingspolitik. Bis hin zur fortschreitenden Geldentwertung durch eine untätige Europäische Zentralbank, die zu einer kalten Enteignung der Deutschen führt. Nobis‘ Fazit: „Wenn alle von Sinnen sind, dann braucht es jemanden, der klar bei Verstand bleibt. Die AfD ist das demokratische Korrektiv in dieser schwierigen und gefährlichen Zeit!“
"
Bks26XV1lqY,275,2021-12-08,@AfDTV,https://www.youtube.com/watch?v=Bks26XV1lqY,"
    Schonungslos ehrlich! Alice Weidel zur Impfpflicht

    ----------------------------------------

    Spenden Sie jetzt für eine wirkliche Alternative!
https://www.spenden.afd.de/

Alternative für Deutschland
Berliner Volksbank e. G.
IBAN: DE94 1009 0000 2661 2620 20
BIC: BEVODEBB

Für eine Überweisung nutzen Sie bitte die obenstehende Bankverbindung. Bitte geben Sie auf der Überweisung Ihre genaue Anschrift an, damit die Spende korrekt zugeordnet werden kann. Sie erhalten im ersten Quartal des folgenden Jahres von der AfD eine Zuwendungsbescheinigung, die Sie zusammen mit Ihrer Steuererklärung beim zuständigen Finanzamt einreichen können.

+++++

Alice Weidel rechnet ab: Die Corona-Impfpflicht ist eine unerhörte Grenzüberschreitung. Die Ungeimpften werden zum Sündenbock für das Totalversagen der Altparteien in der Gesundheitspolitik gemacht.

++++

Abonnieren Sie jetzt unseren Youtube-Kanal mit nur einem Klick auf:
https://www.youtube.com/c/AfDKanal

Folgen Sie uns auf Facebook: https://www.facebook.com/alternativefuerde
Folgen Sie uns auf Twitter: https://twitter.com/AfD
Folgen Sie uns über Telegram: https://t.me/afdbrennpunkt
Folgen Sie uns auf Instagram: https://www.instagram.com/afd.bund/
oder informieren Sie sich über: https://afdkompakt.de/
"
EgopD_2uMYk,2424,2021-10-29,@AfDTV,https://www.youtube.com/watch?v=EgopD_2uMYk,"
    Ausgabe 41/21 von 7 Tage Deutschland. Der Wochenend-Podcast der AfD.

    ----------------------------------------

    Der zwanzigste Deutsche Bundestag hat sich konstituiert: Wir sind bereit für weitere vier Jahre gute und konstruktive Oppositionsarbeit. Die AfD-Fraktion ist gut aufgestellt, wie wir vom Ersten Parlamentarischen Geschäftsführer der AfD-Fraktion, Dr. Bernd Baumann, hören.
Die neue AfD-Fraktion – mit vielen Abgeordneten, die wir schon gut kennen und bei ihren vielen Reden im Parlament beobachtet, bewundert, teils sogar gefeiert haben. Und mit vielen neuen, jungen Gesichtern. Eines davon: Jan Wenzel Schmidt. 30 Jahre jung. Bisher Landtagsabgeordneter in Sachsen-Anhalt – jetzt einer der Neuen der AfD im Bundestag. Wir sprechen mit ihm in diesem Podcast.

Illegale Migranten an der deutsch-polnischen Grenze – meist kommen Sie bei Nacht und Nebel, manche spazieren aber auch am helllichten Tag über die ungesicherten Übergänge. Die Zahlen steigen dramatisch an. Was ist zu tun? Darüber haben AfD-Abgeordnete aus Brandenburg, Sachsen und Mecklenburg-Vorpommern aber auch aus dem Bundestag auf Einladung der AfD-Stadtfraktion Guben in dieser Woche berichtet. Wir sprechen mit Roger Beckamp, Christoph Berndt, Nikolaus Kramer, Daniel Münschke und Sebastian Wippel.

Wie könnte der illegalen Migration auf EU-Ebene begegnet werden? Um das zu klären, schalten wir nach Brüssel zu unserem AfD-EU-Abgeordneten Bernhard Zimniok.

Holen Sie sich jetzt den AfD-Wochenendpodcast als App für Ihr Handy!

Die AfD-Podcast-App für Android (z.B. Samsung, Motorola, etc.): https://play.google.com/store/apps/details?id=tv.wizzard.android.afdradio21&gl=DE


Und für Apple-Mobiltelefone und Tablets: https://apps.apple.com/de/app/afd-podcast/id1575774285


Kontakt zur Redaktion:

Telegram https://telegram.me/afd_podcast


WhatsApp http://wa.me/493043970765


Telefon tel:+493043970765
"
3FQxqvBE8uU,658,2023-08-07,@AfDTV,https://www.youtube.com/watch?v=3FQxqvBE8uU,"
Julian Flak: Wir wollen keinen EU-Superstaat!

----------------------------------------

Auf Listenplatz 19 wird Julian Flak bei der Europawahl 2024 für die AfD kandidieren. Flak machte in seiner Bewerbungsrede deutlich, dass unser Land nur noch zwei Optionen hat: Entweder ein EU-Superstaat oder ein Europa der Vaterländer. Der Diplom-Wirtschaftsjurist ließ in seiner Ansprache freilich keinen Zweifel daran, dass er für Letzteres kämpft.
"
E3-PabSt45w,162,2019-04-10,@AfDTV,https://www.youtube.com/watch?v=E3-PabSt45w,"
    Impressionen aus Mailand | Meuthen & Salvini (EAPN)

    ----------------------------------------

    Neue patriotische Allianz für Europa geschmiedet!

Sehen Sie hier einige kurze Impressionen des richtungsweisenden Treffens in Mailand vom 8. April, auf dem unser Bundessprecher und Spitzenkandidat zur #Europawahl Jörg #Meuthen gemeinsam mit Italiens Innenminister Matteo Salvini die neue patriotische Fraktion ""EAPN"" vorstellte, der die #AfD angehören wird.

Hier das komplette Statement:
➡️ https://www.youtube.com/watch?v=ZMq-5_h99Qo
JETZT unseren Kanal abonnieren:
➡️ https://www.youtube.com/channel/UCq2rogaxLtQFrYG3X3KYNww/about?sub_confirmation=1
"
wlPiwD_p_Bg,238,2021-09-03,@AfDTV,https://www.youtube.com/watch?v=wlPiwD_p_Bg,"
    Corona: Sie erzählen hier dummes Zeug!

    ----------------------------------------

    Spenden Sie jetzt für eine wirkliche Alternative!
https://www.afd.de/spenden

Alternative für Deutschland
Berliner Volksbank e. G.
IBAN: DE94 1009 0000 2661 2620 20
BIC: BEVODEBB

Für eine Überweisung nutzen Sie bitte die obenstehende Bankverbindung. Bitte geben Sie auf der Überweisung Ihre genaue Anschrift an, damit die Spende korrekt zugeordnet werden kann. Sie erhalten im ersten Quartal des folgenden Jahres von der AfD eine Zuwendungsbescheinigung, die Sie zusammen mit Ihrer Steuererklärung beim zuständigen Finanzamt einreichen können.

+++++

Wie schon so oft erzählen die Alt- und Regierungsparteien ""dummes Zeug"", wenn es um die Erklärung ihrer unsteten Coronamaßnahmen geht. Der AfD-Bundestagsabgeordnete Detlev Spangenberg legt den Finger in die Wunde.

+++++

Abonnieren Sie jetzt unseren Youtube-Kanal mit nur einem Klick auf:
https://www.youtube.com/c/afdkanal?su...

Folgen Sie uns auf Facebook: https://www.facebook.com/alternativef...
Folgen Sie uns auf Twitter: https://twitter.com/AfD
Folgen Sie uns über Telegram: https://t.me/afdbrennpunkt
Folgen Sie uns auf Instagram: https://www.instagram.com/afd.bund/
oder informieren Sie sich über: https://afdkompakt.de/
"
NO0Lf0x0vLw,1694,2023-07-07,@AfDTV,https://www.youtube.com/watch?v=NO0Lf0x0vLw,"
    Der blaue Zug kommt in Fahrt | 7 Tage Deutschland – der Wochenend-Podcast der AfD | Ausgabe 23/2023

    ----------------------------------------

    Der blaue Zug nimmt Fahrt auf! Nicht nur, dass die Umfragewerte unserer Partei auf Bundes- und Landesebene von Woche zu Woche steigen. Nein, auf kommunaler Ebene ist uns schon der Durchbruch gelungen. Nach der Wahl des ersten AfD-Landrates im thüringischen Kreis Sonneberg gibt es jetzt auch den ersten gewählten AfD-Bürgermeister. Hannes Loth hat die Stichwahl in der sachsen-anhaltinischen Stadt Raguhn-Jeßnitz gewonnen. Wie er den Wahlabend erlebt hat, was er als Bürgermeister anpacken will und wie AfD-Politik auf lokaler Ebene aussehen kann, erklärt er im Interview.

Außerdem: Der Heizhammer ist vorerst verhindert: Nachdem die Ampelregierung das höchstumstrittene Gebäudeenergiegesetz im Schweinsgalopp durch den Bundestag peitschen wollte, hat das Bundesverfassungsgericht jetzt die Notbremse gezogen. Man hatte den Abgeordneten zu wenig Zeit gelassen, um sich mit dem Entwurf zu befassen, heißt es in der Eilentscheidung aus Karlsruhe. Das, was da von Bundesabriss-Minister Robert Habeck vorgelegt wurde, ist aber ohnehin unausgegoren, unüberlegt und absolut überflüssig. Warum es die Ampel damit so eilig hatte und warum wir als AfD einen solchen Beschluss sofort rückgängig machen würden, erläutert unser Bundessprecher und Fraktionschef im Bundestag, Tino Chrupalla, im Interview.

Und: Nachdem Verfassungsschutz-Präsident Thomas Haldenwang mit seiner AfD-Hetze im Fernsehen über die Stränge geschlagen hat, gab es jetzt die Quittung von uns: Wir haben ein Disziplinarverfahren gegen den CDU-Mann beantragt, weil er die für sein Amt nötige Neutralität immer wieder vermissen lässt. Wir betonen seit langem, dass der Verfassungsschutz nicht die Verfassung, sondern die Regierung schützt – und zwar vor der Opposition und vor dem Willen der Bürger. Damit muss Schluss sein, wie auch unser stellvertretender Bundessprecher Peter Boehringer klarstellt.
"
qsEmQr7jaFo,271,2020-06-19,@AfDTV,https://www.youtube.com/watch?v=qsEmQr7jaFo,"
    Alice Weidel zur Regierungserklärung zur EU-Ratspräsidentschaft

    ----------------------------------------

    „Statt den EU-Beitrag zu kürzen, soll der deutsche Steuerzahler sogar kompensieren!“

AfD-Bundessprecherin Dr. Alice Weidel, Vorsitzende der AfD-Bundestagsfraktion, hat in ihrer Antwort auf die Regierungserklärung zur EU-Ratspräsidentschaft die ungezügelte Ausgabenpolitik von EZB und EU-Kommission ebenso kritisiert wie die Verantwortungslosigkeit der Bundesregierung, die ihrer Verpflichtung gegenüber den deutschen Bürgern und Steuerzahlern in keiner Weise gerecht werde. Die Bundesregierung habe die Gelegenheit verpasst, den Bürgern reinen Wein einzuschenken:
„Die Corona-Krise muss als Vorwand für die quasi unbegrenzte, rechtswidrige Staatsfinanzierung über die Notenpresse herhalten. Bürge der letzten Instanz ist der deutsche Steuerzahler, der obendrein noch durch die Nullzins-Politik enteignet wird“.


Jetzt unseren Newsletter abonnieren!
http://www.afdkompakt.de/newsletter
"
Rrpz0yBVyzk,402,2021-04-22,@AfDTV,https://www.youtube.com/watch?v=Rrpz0yBVyzk,"
Sylvia Limmer zum Niedergang der Souveränität der Nationalstaaten durch die EU

----------------------------------------

Sylvia Limmer, AfD-Europaabgeordnete und Beisitzerin im Bundesvorstand der AfD, spricht im Interview mit „AfD-TV“ über den sogenannten „Green Deal“ und über den Niedergang der Souveränität der Nationalstaaten durch die EU.
"
z6xuMuM44gw,2638,2019-05-01,@AfDTV,https://www.youtube.com/watch?v=z6xuMuM44gw,"
    Gottfried Curio | ""Wir sind nicht der Dorftrottel Europas!""

    ----------------------------------------

    Gerne mischte sich der Berliner Bundestagsabgeordnete und Innenpolitische Sprecher unserer #AfD-Bundestagsfraktion Gottfried #Curio beim Essener Tanz in den Mai in den #EUWahl-Kampf seiner Partei ein. In seiner leidenschaftlichen Rede zeigte er unter anderem auf, wie sehr nationalstaatliche Interessen die EU dominieren - außer natürlich hierzulande. Dies aber muss sich ändern, so Curio, denn: ""Diese EU ist nicht im Interesse Deutschlands!""

Hier können Sie sich einen Überblick unseres AfD-Wahlprogrammes verschaffen:
➡️  https://www.youtube.com/watch?v=-yKihkNLguU
Alle Infos zur Europawahl:
➡️ https://www.afd.de/europawahl/
JETZT unseren Kanal abonnieren:
➡️ https://www.youtube.com/channel/UCq2rogaxLtQFrYG3X3KYNww/about?sub_confirmation=1
"
FNNssNUuCZ8,139,2024-01-07,@DIELINKE,https://www.youtube.com/watch?v=FNNssNUuCZ8,"
    Carola Rackete: Ja zu einer anderen Agrarpolitik. Nein zur Übernahme der Bauernproteste durch Rechte

    ----------------------------------------

    Rechte und AfD versuchen für ihre eigenen Zwecke in die Bauernproteste einzusteigen und die Bauern stehen zunehmend als rechte Deppen da. Ihre Anliegen hört niemand mehr. Aber warum sind die Bauern so wütend? Carola Rackete, Spitzenkandidatin der Linken für die Europawahl im Juni, über die Wut der Bauern und was diese mit der Macht der Lebensmittelkonzerne und einer völlig verfehlten Politik der EU zu tun hat.

#bauerndemo #Bauernproteste #Landwirtschaft #ALDI #LIDL #EDEKA #EU #Habeck #agrardiesel #DieLinke
"
ClbFaYDX5lk,234,2019-10-27,@DIELINKE,https://www.youtube.com/watch?v=ClbFaYDX5lk,"
Bernd Riexinger: Ein grandioser Wahlerfolg in Thüringen!

----------------------------------------

Fast 30% für DIE LINKE in Thüringen und Ministerpräsident Bodo Ramelow! Dieser Wahlsieg freut uns ungemein. Er ist der Lohn für die Arbeit der Regierung von Bodo Ramelow in Thüringen. Das Ergebnis belohnt, dass DIE LINKE einen klaren Kurs für soziale Gerechtigkeit gefahren hat.
"
OJJAxyynWj8,826,2021-04-20,@DIELINKE,https://www.youtube.com/watch?v=OJJAxyynWj8,"
Infektionsschutzgesetz atmet mehr den Geist des politischen Konsens, als des Gesundheitsschutz.

----------------------------------------

Pressekonferenz der Parteivorsitzenden Susanne Hennig-Wellsow
"
K9JGrgX5308,195,2019-02-24,@DIELINKE,https://www.youtube.com/watch?v=K9JGrgX5308,"
Drei Tage in drei Minuten: Unser Europaparteitag 2019

----------------------------------------

Eine kleiner Rückblick auf unseren Europaparteitag 2019 in Bonn.
"
kaY8zSC2QGU,570,2019-05-16,@DIELINKE,https://www.youtube.com/watch?v=kaY8zSC2QGU,"
Europa-Konvent: Ruben Neugebauer von „Sea Watch“

----------------------------------------

Wir fordern nichts weiter als die konsequente Einhaltung von Konventionen, auf die man sich nach dem Zweiten Weltkrieg aus gutem Grund geeinigt hat. Das ist eigentlich auch gar nicht links, sondern stockkonservativ!
"
gPlXztJIiA8,1301,2020-02-26,@DIELINKE,https://www.youtube.com/watch?v=gPlXztJIiA8,"
Wie hält es DIE LINKE mit der Arbeiter*innenklasse?

----------------------------------------

Bernd Riexinger, Parteivorsitzender der LINKEN, spricht mit Ulrike Eifler von der Bundesarbeitsgemeinschaft Betrieb & Gewerkschaft über das Verhältnis von Partei und Klasse, über Perspektiven gewerkschaftlichen Handelns und über die Zukunft der LINKEN.
"
5_nPj9eZTWM,80,2018-09-20,@DIELINKE,https://www.youtube.com/watch?v=5_nPj9eZTWM,"
Wohngipfel: Merkel im Faktencheck

----------------------------------------

Die Mieten explodieren vielerorts. Angela Merkel hat im Video-Podcast behauptet, die Bundesregierung würde etwas dagegen tun. Stimmt nicht. Hier unser kleiner Faktencheck. Kommt zur Demonstration am 21. September 2018 vor dem Kanzleramt. Treffpunkt ist 14 Uhr, Berlin Hauptbahnhof.
"
P9tMSasEvSk,2294,2022-08-29,@DIELINKE,https://www.youtube.com/watch?v=P9tMSasEvSk,"
    Janine Wissler präsentiert die Herbstkampagne der LINKEN

    ----------------------------------------

    Die Preise für Lebensmittel, Strom und Gas gehen durch die Decke. Aber: Viele Konzerne machen mit Krieg und Krise extra Gewinne. Der Club der Superreichen wird größer: Manche gewinnen immer, wenn die Regeln nicht geändert werden.

Wir sagen: Es reicht! Strom, Heizen, Lebensmittel, Bus und Bahn müssen für alle bezahlbar sein. Die Regierung muss dafür sorgen, dass die Entlastung von den Preissteigerungen sozial gerecht ist und Ungleichheit zurückdrängt. Unterstützt jetzt unseren Aufruf!

Alle Infos und Materialie auf www.die-linke.de/preisedeckeln

#DIELINKE #heisserherbst #preisedeckeln
"
7l_M3fz85CY,2197,2019-01-14,@DIELINKE,https://www.youtube.com/watch?v=7l_M3fz85CY,"
Frank Bsirske – Beitrag zum Jahresauftakt 2019

----------------------------------------

Beratung des Parteivorstandes der LINKEN mit den Vorsitzenden der Bundestagsfraktion und aus den Ländern, u.a. mit Katja Kipping, Bernd Riexinger, Dietmar Bartsch und dem Vorsitzenden der Gewerkschaft ver.di, Frank Bsirske.
"
vEY7gDkvU3M,786,2018-06-14,@DIELINKE,https://www.youtube.com/watch?v=vEY7gDkvU3M,"
Leipziger Parteitag: Rede von Hans Modrow, Vorsitzender des Ältestenrates

----------------------------------------


"
At-RJbygPDE,30,2021-09-23,@DIELINKE,https://www.youtube.com/watch?v=At-RJbygPDE,"
    Trailer - Aufmischen – Wie will DIE LINKE eigentlich die Klimakrise lösen?

    ----------------------------------------

    Zum Video: www.die-linke.de/aufmischen oder
https://www.youtube.com/watch?v=nZGICatiLdQ

Wie will DIE LINKE eigentlich die Klimakrise lösen? Wir erklären, was der Klimawandel mit sozialer Gerechtigkeit zu tun hat, wie es überhaupt so weit kommen konnte und was wir gemeinsam tun müssen, um die Erderhitzung zu stoppen. Und wir sprechen mit dem IG-Metall-Betriebsrat Stephan Krull darüber, wie eine sozial-ökologische Transformation der Automobilindustrie aussehen kann, bei der niemand zurückgelassen wird.
Wir wollen mit dir die Politik AUFMISCHEN. In unserem neuen Videoformat der politischen Bildung mit Daphne Weber und Hamze Bytyci.

#Ökologie #Klimaschutz #DieLinke #Klimakrise #Klimagerechtigkeit #Umweltschutz #Klimawandel #politischeBildung
"
sQqfkT_ADhg,5626,2019-03-07,@DIELINKE,https://www.youtube.com/watch?v=sQqfkT_ADhg,"
Europaparteitag: Generaldebatte

----------------------------------------


"
aLZYL7poy0E,57,2021-02-27,@DIELINKE,https://www.youtube.com/watch?v=aLZYL7poy0E,"
    Wir wollen, dass alle Menschen sozial abgesichert sind. Amira Mohamed Ali

    ----------------------------------------

    Amira Mohamed Ali, Digitaler Parteitag, 26. Februar 2021

#machtdasLandsozial #dielinke #linke
"
p-24a0Olh0E,77,2021-07-19,@DIELINKE,https://www.youtube.com/watch?v=p-24a0Olh0E,"
    10 Fragen, 10 Antworten // Folge 2: Was können wir unseren Kindern nach der Pandemie zurückgeben??

    ----------------------------------------

    Linke Bildungspolitik - Folge 2: Was können wir unseren Kindern und Jugendlichen nach der Pandemie zurückgeben?

Der parlamentarische Geschäftsführer Jan Korte spricht über die Vorschläge der LINKEN, die es unseren Kindern und Jugendlichen ermöglichen würden, die Zeit ihres Lebens nach der Pandemie ordentlich nachzuholen.

Idee & Konzept: Gesine Dannenberg | BAG Bildung DIE LINKE.
Videoproduktion: Johannes Klemt | Kameramensch.de
Tonmischung: Vladimir Traut | Audiomensch.de

----------------
Idee & Konzept: Gesine Dannenberg | BAG Bildung DIE LINKE.
Videoproduktion: Johannes Klemt | Kameramensch.de
Instagram: @kameramensch.de
Facebook: @kameramensch
"
fCnijtywEag,324,2020-10-24,@DIELINKE,https://www.youtube.com/watch?v=fCnijtywEag,"
    Bundesgeschäftsführer Jörg Schindler zur Verkürzung des Erfurter Parteitages

    ----------------------------------------

    Bundesgeschäftsführer Jörg Schindler äußert sich zum Beschluss des Parteivorstands, den Erfurter Parteitag zu verkürzen und am Freitag, dem 30. Oktober, lediglich die Wahlen zum Vorstand durchzuführen.

Mehr Informationen unter https://www.die-linke.de
"
thsWrPlTCHU,392,2018-11-30,@DIELINKE,https://www.youtube.com/watch?v=thsWrPlTCHU,"
    Stefan Liebich zerpflückt die Fakenews der AfD zum Migrationspakt

    ----------------------------------------

    Immer und immer und immer wieder beschäftigen wir uns mit dem Global Compact For Migration. Das tun wir immer und immer wieder auf Antrag der AfD, die verhindern wollte, dass wir daran mitarbeiten und nun mit Lügen und Verschwörungstheorien die Fakten zu verdrehen versucht.

#AfD #noAfD #DIELINKE #Bundestag
"
1z8EgSmUndw,60,2021-07-22,@DIELINKE,https://www.youtube.com/watch?v=1z8EgSmUndw,"
    Soziale Gerechtigkeit wählen: Die Kampagne der LINKEN zur Bundestagswahl

    ----------------------------------------

    Wir präsentieren: unsere Wahlkampagne zur Bundestagswahl 2021. Mit unseren Spitzenkandidierenden Janine Wissler und Dietmar Bartsch sowie Bundesgeschäftsführer Jörg Schindler.

Hier findet ihr den Mitschnitt der Veranstaltung in voller Länge: https://youtu.be/IzbBktmm_u8
"
-YFl7txl1iE,89,2019-05-22,@DIELINKE,https://www.youtube.com/watch?v=-YFl7txl1iE,"
    Özlem Demirel (DIE LINKE) - Spitzenkandidatin zur Europawahl 2019

    ----------------------------------------

    ""Ich komm aus einer politischen Familie. Mein Vater ist Linker gewesen, ich bin auch noch kurdisch und alevitisch. Und ich habe von klein auf gelernt: tritt für deine Überzeugungen ein, egal was kommt. Kämpfe dafür!"", eine persönliche Vorstellung der Gewerkschaftssekretärin und Spitzenkandidatin der LINKEN  zur Europawahl 2019

#özlemdemirel #europawahl #dielinke #linke #europa #europasolidarisch
"
F6JLwpWeois,1187,2021-01-10,@DIELINKE,https://www.youtube.com/watch?v=F6JLwpWeois,"
    Umsteuern jetzt: Für einen sozial-ökologischen Weg aus der Krise - Pressekonferenz am 11.1.2021

    ----------------------------------------

    Katja Kipping und Bernd Riexinger stellen wirtschaftspolitische Leitlinien zum Jahresauftakt vor und präsentieren das neue Papier ""Umsteuern jetzt. Für einen sozial-ökologischen Weg aus der Krise"", vorgelegt von Katja Kipping, Bernd Riexinger, Harald Wolf und Jörg Schindler.

Zum Weiterlesen:
https://www.die-linke.de/start/nachrichten/detail/umsteuern-jetzt-fuer-einen-sozial-oekologischen-weg-aus-der-krise/

Alles zum Jahresauftakt 2021 findest du auf unserer Sonderwebsite:
https://www.die-linke.de/partei/veranstaltungen/politischer-jahresauftakt-2021/
"
6Nui8Gl6rHY,669,2023-11-18,@DIELINKE,https://www.youtube.com/watch?v=6Nui8Gl6rHY,"
    Wir müssen über Vermögen und Eigentum reden. Rede von Bodo Ramelow

    ----------------------------------------

    Rede von Ministerpräsident Bodo Ramelow (Die Linke) auf dem Augsburger Parteitag 2023.

#dielinke #nurmitlinks
"
2CHDwBnE2to,290,2021-02-27,@DIELINKE,https://www.youtube.com/watch?v=2CHDwBnE2to,"
    Susanne Hennig-Wellsow: Millionen Menschen sind davon abhängig, wie wir Politik machen!

    ----------------------------------------

    Susanne Hennig-Wellsow, unsere neu gewählte Parteivorsitzende, in ihrer Dankesrede auf dem Parteitag.

#machtasLandgerecht #dielinke
"
1gGx4mIOwtQ,1520,2019-12-05,@DIELINKE,https://www.youtube.com/watch?v=1gGx4mIOwtQ,"
    Gysi & Wissler: Die DDR, Marx und der Demokratische Sozialismus

    ----------------------------------------

    #Gysi #Wissler #Sozialismus
Gregor Gysi und Janine Wissler im Gespräch über den Herbst 1989, die DDR, Karl Marx, den demokratischen Sozialismus und was das alles für DIE LINKE bedeuten kann.
"
r3bP98LmFpw,1099,2022-06-26,@DIELINKE,https://www.youtube.com/watch?v=r3bP98LmFpw,"
Dietmar Bartsch: Es liegt an uns. Solidarität nach innen und Attacke nach aussen!

----------------------------------------

Rede von unserer Fraktionsvorsitzenden Dietmar Bartsch auf dem Bundesparteitag in Erfurt am 26. Juni 2022.
"
7oG2pLMUqnE,494,2020-10-06,@DIELINKE,https://www.youtube.com/watch?v=7oG2pLMUqnE,"
    LINKS BEWEGT: Wie Heinz einen dubiosen Immobiliendeal verhinderte

    ----------------------------------------

    In Wildau (Brandenburg) soll der LINKE Kommunalpolitiker Heinz Hillebrand mundtot gemacht werden. Der Grund: Er hat ein dubioses Immobiliengeschäft der Stadtverwaltung ans Licht der Öffentlichkeit gebracht. In der Stadt hat das hohe Wellen geschlagen. Heinz wird in Wildau als Garant für Transparenz und Demokratie angesehen!

#LINKSWEGT #Wildau #Brandenburg
"
nZGICatiLdQ,695,2021-09-09,@DIELINKE,https://www.youtube.com/watch?v=nZGICatiLdQ,"
    Aufmischen – Wie will DIE LINKE eigentlich die Klimakrise lösen?

    ----------------------------------------

    Wie will DIE LINKE eigentlich die Klimakrise lösen? Wir erklären, was der Klimawandel mit sozialer Gerechtigkeit zu tun hat, wie es überhaupt so weit kommen konnte und was wir gemeinsam tun müssen, um die Erderhitzung zu stoppen. Und wir sprechen mit dem IG-Metall-Betriebsrat Stephan Krull darüber, wie eine sozial-ökologische Transformation der Automobilindustrie aussehen kann, bei der niemand zurückgelassen wird.
Wir wollen mit dir die Politik AUFMISCHEN. In unserem neuen Videoformat der politischen Bildung mit Daphne Weber und Hamze Bytyci.

► Hier findet Ihr die Quellen zum Video:
[00:00] Aufmischen – Wie will DIE LINKE eigentlich die Klimakrise lösen?
[00:28] Die dreckigste Straße Deutschlands:
https://www.berliner-zeitung.de/mensch-metropole/feinstaub-berlin-hat-die-schmutzigsten-strassen-li.15842
[00:41] Bewohnerinnen und Bewohner mit niedrigem sozialen Status:
https://www.stadtentwicklung.berlin.de/planen/basisdaten_stadtentwicklung/monitoring/download/2019/MSS_Fortschreibung2019_Langfassung.pdf (S. 45)
https://sozialraumdaten.kiezatlas.de/seiten/2020/06/?lor=08010118
[01:20] Der Weiße See trocknet aus:
https://www.tagesspiegel.de/berlin/strandbad-weissensee-in-berlin-pankow-der-weisse-see-trocknet-aus/19882852.html
[02:22] Tausende Kilometer Bahnstrecken stillgelegt seit der Teilprivatisierung der DB:
https://www.spiegel.de/auto/bahn-reaktivierte-bahnstrecken-koennten-drei-millionen-buerger-an-die-schiene-anschliessen-a-824fccff-7cc3-4a7e-a746-15b1f9a47bdc
https://perli.de/2020/07/31/eine-linke-bahnreform-fuer-leute-land-und-klima/
[02:32] Subventionen für den Flugverkehr:
https://www.bund.net/themen/mobilitaet/infrastruktur/luftverkehr/
[02:51] US-Militär hat den größten Erdöl-Verbrauch weltweit:
http://www.imi-online.de/2019/09/23/klimakiller-nato/
https://watson.brown.edu/costsofwar/files/cow/imce/papers/2019/Pentagon%20Fuel%20Use,%20Climate%20Change%20and%20the%20Costs%20of%20War%20Final.pdf
Zum Zusammenhang von Krieg und Umweltverschmutzung:
https://www.nd-aktuell.de/artikel/1151524.das-militaer-als-verursacher-der-klimakatastrophe-krieg-gegen-die-umwelt.html
[03:45] Zoonosen und Kapitalismus:
https://www.mdr.de/wissen/studie-zoonosen-durch-umweltzerstoerung-100.html
[05:16] Interview mit Stephan Krull zum sozial-ökologischen Umbau der Autoindustrie:
Beschäftigtenbefragung der Rosa-Luxemburg-Stiftung:
https://www.rosalux.de/publikation/id/44586/e-mobilitaet-ist-das-die-loesung
[10:21] Klimaschutz geht nur sozial:
https://www.die-linke.de/themen/klimaschutz/
[10:32] Sozial-ökologische Verkehrswende:
https://www.linke-verkehrswende.de/start/
[11:15] Mach mit!

https://www.die-linke.de/mitmachen

#Ökologie #Klimaschutz #DieLinke #Klimakrise #Klimagerechtigkeit #Umweltschutz #Klimawandel #politischeBildung
"
Ly94UPp-wwk,694,2019-05-13,@DIELINKE,https://www.youtube.com/watch?v=Ly94UPp-wwk,"
Martin Schirdewan: Wahlkampfrede zur Europawahl in Düsseldorf

----------------------------------------

#europawahl #linke #dielinke #europasolidarisch #wahlwerbung #wahlspot
"
KmWAImGW-WY,45,2018-10-19,@DIELINKE,https://www.youtube.com/watch?v=KmWAImGW-WY,"
    Katja Kipping warnt vor dem rechten Terror, den die AfD befördert

    ----------------------------------------

    Auf unserem letzten Bundesparteitag hat unsere Parteivorsitzende Katja Kipping vor den Gefahren gewarnt, die vom Rechtsruck und von rechtem Terror ausgehen. Wir recht sie damit hat, zeigt z.B. der Fall der LINKEN-Politikerin Karen Larisch. Sie erhält Morddrohungen und wird von Rechten gestalkt.

#AfD #noAfD #KatjaKipping
"
YDDVD-1ztXw,137,2018-07-16,@DIELINKE,https://www.youtube.com/watch?v=YDDVD-1ztXw,"
Fest der Linken 2018

----------------------------------------

Das Fest der Linken 2018 hat uns sehr viel Spaß gemacht. Den Besucherinnen und Besuchern auch, wie man hier sieht. Vielen Dank Julien Then für das schöne Video.
"
iQzSn-1ZECE,113,2021-09-20,@DIELINKE,https://www.youtube.com/watch?v=iQzSn-1ZECE,"
    Wir machen den Sozialstaat sicher: Das Wahlprogramm der LINKEN zur Bundestagswahl 2021 erklärt

    ----------------------------------------

    Deutschland ist eines der reichsten Länder der Welt. Niemand darf hier in Armut leben müssen. Keine arbeitslose Mutter darf gezwungen sein, bei den Lebensmitteln zu sparen, damit sie ihrem Kind einen neuen Schulranzen kaufen kann. Wer arbeitslos wird, darf nicht in Armut und Hartz IV abstürzen. Das Arbeitslosengeld I muss länger gezahlt werden. Die Hartz-IV-Sätze sind Armut per Gesetz und reichen nicht für angemessene Ernährung. Das hat ein Gutachten der Regierung ergeben. Wir wollen stattdessen eine Mindestsicherung von 1.200 Euro einführen, die nicht gekürzt werden kann („sanktionsfrei“). Teil des Sozialstaates sind gute soziale Dienstleistungen, die für alle da sind: Gebührenfreie Kitas, kostenloses Essen in Schule und Kita. Wir wollen öffentliche Schwimmbäder aufbauen – jedes Kind soll schwimmen lernen können. Gute Pflege, die nicht arm macht. Während der Corona-Krise sind viele Hilfsgelder ausgezahlt worden. Vor der Wahl will die Regierung nicht drüber sprechen: Nach der Wahl entscheidet sich, ob die Kosten durch Kürzungen und Privatisierungen im Sozialen beglichen werden. Wir wollen eine Vermögensabgabe auf Vermögen über 2 Mio. Euro einführen, um die Kosten der Corona-Krise zu finanzieren. Mit einer starken LINKEN gibt es keinen Sozialabbau!

Unser Erklärvideo zum Thema Soziale Sicherheit aus dem Wahlprogramm zur Bundestagswahl 2021.

Unser Wahlprogramm:
https://www.die-linke.de/wahlen/wahlprogramm-2021/

Unser Kurzwahlprogramm ""10 Gründe DIE LINKE zu wählen"": https://www.die-linke.de/wahlen/wahlprogramm-2021/10-gruende/

Unser Wahlprogramm zum Anhören im Podcast-Format:
https://www.die-linke.de/wahlen/wahlprogramm-2021/wahlprogramm-2021-audio/

Unsere Seite zur Wahl: https://www.die-linke.de/wahlen/

Unsere Themenseite Soziale Sicherheit:
https://www.die-linke.de/themen/soziale-sicherheit/

#Mindessicherung #HartzIV #BTW21 #DIELINKE
"
QZEkTEIOSlI,111,2021-09-08,@DIELINKE,https://www.youtube.com/watch?v=QZEkTEIOSlI,"
    Wir machen Wohnen bezahlbar: Das Wahlprogramm der LINKEN zur Bundestagswahl 2021 erklärt

    ----------------------------------------

    Die Mieten explodieren, längst nicht nur in den großen Städten. Immer größere Teile des Einkommens werden von der Miete aufgefressen. Wir sagen: Menschen vor Profite! Wir machen Wohnen bezahlbar.  Unser Erklärvideo zur Wohnungspolitik aus dem Wahlprogramm zur Bundestagswahl 2021.

Unser Wahlprogramm:
https://www.die-linke.de/wahlen/wahlprogramm-2021/

Unser Kurzwahlprogramm ""10 Gründe DIE LINKE zu wählen"":
https://www.die-linke.de/wahlen/wahlprogramm-2021/10-gruende/

Unser Wahlprogramm zum Anhören im Podcast-Format:
https://www.die-linke.de/wahlen/wahlprogramm-2021/wahlprogramm-2021-audio/

Unsere Seite zur Wahl:
https://www.die-linke.de/wahlen/

Unsere Themenseite Wohnen:
https://www.die-linke.de/themen/wohnen/

#DIELINKE #Wahlprogramm #Miete #Wohnen #Mietenwahnsinn #Mietendeckelbundesweit #Bundestagswahl
"
dtmmj03hpAY,711,2020-01-13,@DIELINKE,https://www.youtube.com/watch?v=dtmmj03hpAY,"
Ulrich Schneider beim Jahresauftakt der LINKEN

----------------------------------------

Der Geschäftsführer des Paritätischen Wohlfahrtsverbandes, Ulrich Schneider, rief auf unserem Jahresauftakt 2020 dazu auf, den Sozialstaat gegen neoliberale Angriffe zu verteidigen.
"
mP5OsLkpM6A,2276,2020-06-05,@DIELINKE,https://www.youtube.com/watch?v=mP5OsLkpM6A,"
    Die Mieten steigen überall? Talk mit Jörg Schindler und Katalin Gennburg über den Mietendeckel

    ----------------------------------------

    Mieten steigen überall? Nein, mit dem Mietendeckel ist der Anstieg der Mieten in Berlin gebremst. Teilweise sinken sie bereits. Über das Konzept des Mietendeckels und dessen Auswirkungen diskutiert Jörg Schindler mit Katalin Gennburg aus dem Berliner Abgeordnetenhaus.

#Mietendeckel #Mietebezahlbar #Linke #Berlin
"
bcAysBeruro,6074,2018-02-05,@DIELINKE,https://www.youtube.com/watch?v=bcAysBeruro,"
    »geDRUCKtes« Nr. 60 Gesine Lötzsch und Andrej Hermlin

    ----------------------------------------

    Aus dem Roten Salon der Berliner Volksbühne: „geDRUCKtes“ mit
Gesine Lötzsch und Andrej Hermlin
„My Way: Ein Leben zwischen den Welten“
Lesung, Gespräch, Musik
"
NNnqSjsZhsU,1918,2021-11-15,@DIELINKE,https://www.youtube.com/watch?v=NNnqSjsZhsU,"
    Janine Wissler: Lassen Sie sich impfen!

    ----------------------------------------

    Die heftige 4. Corona-Welle wäre durch ein Eingreifen der Bundesregierung vermeidbar gewesen. Die Bundesregierung hat wissenschaftliche Warnungen nicht ernst genommen. Deshalb: Lassen Sie sich impfen. Wir LINKE stehen in der Tradition der Aufklärung. Wir wollen, dass die Errungenschaften der Wissenschaft allen Menschen zugute kommen.

Weitere Themen der Pressekonferenz mit der Parteivorsitzenden Janine Wissler waren der Ausgang der Weltklimakonferenz in Glasgow, die Lage der Geflüchteten in Belarus und die EVG-Kundgebung gegen die Zerschlagung der Bahn.
"
sV0akxEqbbU,2522,2020-06-19,@DIELINKE,https://www.youtube.com/watch?v=sV0akxEqbbU,"
Die Zentrale - Die Geschichte des Karl-Liebknecht-Hauses

----------------------------------------

Wir laden euch auf eine digitale Erkundungsreise mit Dr. Ronald Friedmann durch das Karl-Liebknecht-Haus ein. Folgt ihm auf der Führung durch das historische Haus mit seiner wechselvollen Geschichte. Das Karl-Liebknecht-Haus wurde 1926 von der KPD erworben und war bis 1933 Sitz der Partei. 1933 wurde es von der SA besetzt und in „Horst-Wessel-Haus“ umbenannt. Nach dem Wiederaufbau 1949 – 1952 wurde es von der SED als Bürohaus übernommen. Seit 1990 ist es Sitz des Parteivorstandes der PDS bzw. der Partei DIE LINKE und ihrer Bundesgeschäftsstelle. Ein spannender Blick hinter die Kulissen.
"
yVQ2wO0VBk4,90,2022-09-10,@DIELINKE,https://www.youtube.com/watch?v=yVQ2wO0VBk4,"
    Klartext! Der Wahlspot der LINKEN.Niedersachsen zur Landtagswahl 2022

    ----------------------------------------

    Alles wird teurer: Einkaufen, Tanken, Wohnen. Die Inflation sorgt für existenzbedrohende Armut. Vor der Wahl machen Politiker*innen noch Versprechen, danach stopfen sie sich die Taschen voll. Dabei gibt es zahlreiche Probleme, die angepackt werden müssen: Der ÖPNV muss ausgebaut und das 9-Euro-Ticket verlängert werden. Das Gesundheitswesen muss umgebaut und Mieten wieder bezahlbar werden.

So kann es nicht weitergehen - Niedersachsen wird schlecht regiert! DIE LINKE wird im Landtag für mehr Gerechtigkeit kämpfen! Deshalb am 9. Oktober Deine Stimme für die LINKE

#LTW22 #Niedersachsen #DIELINKE
"
CTEGwXOJqo0,599,2021-01-04,@DIELINKE,https://www.youtube.com/watch?v=CTEGwXOJqo0,"
Wir brauchen endlich einen solidarischen Lockdown!

----------------------------------------

Es geht jetzt nicht um ein Weiter so beim #Lockdown, sondern darum, es endlich richtig zu machen. Es kann nicht sein, dass die gesamte Last der Kontakteinschränkungen nur auf den Schultern der Familien abgeladen wird, so Katja Kipping auf der ersten Pressekonferenz des Jahres 2021 im Karl-Liebknecht-Haus. Weitere Themen waren die Probleme bei den Covid19-Impfungen und das Ende der deutschen EU-Ratspräsidentschaft. #LINKE
"
Dfye27SH2ss,1971,2020-10-02,@DIELINKE,https://www.youtube.com/watch?v=Dfye27SH2ss,"
30 Jahre Deutsche Einheit. Talk mit Jörg Schindler und Gregor Gysi

----------------------------------------

Was war, was ist, was wird? Über 30 Jahre Deutsche Einheit spricht Jörg Schindler (Bundesgeschäftsführer DIE LINKE) mit Gregor Gysi.
"
XVehiXiyJ74,318,2021-06-22,@DIELINKE,https://www.youtube.com/watch?v=XVehiXiyJ74,"
    Sozial und klimagerecht. Das Wahlprogramm der LINKEN.

    ----------------------------------------

    Es ist Zeit zu handeln. Nicht irgendwann. Jetzt!
Wir sind dazu bereit. Gemeinsam stehen wir für soziale Sicherheit, Klimagerechtigkeit und Frieden. DIE LINKE ist stark, weil sie viele Menschen für diese Ziele vereint. Wir stehen an der Seite der Leidenschaften dieser Menschen und ihrer Kämpfe für ein gerechtes Land.

Stellvertretend haben wir einige dieser Aktiven besucht und gefragt, was ihnen besonders wichtig ist.
"
R1HY5264o5Y,120,2021-08-16,@DIELINKE,https://www.youtube.com/watch?v=R1HY5264o5Y,"
    10 Fragen, 10 Antworten // Folge 6: Sind Gemeinschaftsschulen Schulen der Gleichmacherei?

    ----------------------------------------

    Linke Bildungspolitik - Folge 6: Sind Gemeinschaftsschulen Schulen der Gleichmacherei?

Der Sprecher des Netzwerks Berliner Gemeinschaftsschulen Robert Giese räumt mit Vorurteilen gegenüber Gemeinschaftsschulen auf. Er erwähnt dabei erstaunliche Ergebnisse, die zeigen, dass die Gemeinschaftsschule die “Schule der Zukunft” sein kann.

Idee & Konzept: Gesine Dannenberg | BAG Bildung DIE LINKE.
Videoproduktion: Johannes Klemt | Kameramensch.de
Tonmischung: Vladimir Traut | Audiomensch.de
----------------

Markierungen sind ausdrücklich erwünscht.
Instagram: @kameramensch.de
Facebook: @kameramensch
"
Yd_Sm1YO9to,92,2023-09-08,@DIELINKE,https://www.youtube.com/watch?v=Yd_Sm1YO9to,"
    Bayern braucht diese Opposition: DIE LINKE wählen!

    ----------------------------------------

    Mit uns wird es für die anderen Parteien im Bayerischen Landtag ungemütlich: Gegen deren Politik für Großkopferte steht unsere Politik für alle – weniger Miete, höhere Löhne, bessere Bildung, bezahlbare Klimapolitik! Und ein Sozialfonds aus den Abgeordnetengehältern!

Mehr als 16 Prozent der Menschen in Bayern können sich vorstellen DIE LINKE zu wählen. 5 Prozent müssen es tun, damit sich in Bayern alles ändert. Sei eine, sei einer davon!

Mehr dazu auf www.bayerns-opposition.de

#Bayern #Politik #DIELINKE
"
sNGp-gYYYHM,2603,2020-07-24,@DIELINKE,https://www.youtube.com/watch?v=sNGp-gYYYHM,"
    Jörg Schindler spricht mit Natascha Strobl – Thema: Extreme Rechte zwischen Parlament und Terror?

    ----------------------------------------

    Bundesgeschäftsführer Jörg Schindler spricht mit Natascha Strobl (Autorin, u.a. zur Identitären Bewegung und zur Neuen Rechten) über aktuelle Entwicklungen bei der extremen Rechten und mögliche Ansätze dagegen.

#nonazis #neueRechte #noAfD
"
YU_LNcKwAP0,136,2018-01-16,@DIELINKE,https://www.youtube.com/watch?v=YU_LNcKwAP0,"
    Gregor Gysi, 70. Geburtstag

    ----------------------------------------

    Weil heute Dein Geburtstag ist, da haben wir gedacht,
wir zeigen einen kleinen Film, weil Dir das Freude macht.
Herzlichen Glückwunsch, lieber Gregor Gysi, zum 70. Geburtstag. Gesundheit, Glück und weiterhin viel Freude wünschen wir Dir.
"
xcCo35Xzejc,56,2018-07-12,@DIELINKE,https://www.youtube.com/watch?v=xcCo35Xzejc,"
Gerechte Rente - das will DIE LINKE

----------------------------------------

Kurz und Knapp erklärt, wie die LINKE Renten gerecht machen wollen - damit niemand im Alter arm sein muss.
"
e-lB-FUJ3A0,587,2018-06-12,@DIELINKE,https://www.youtube.com/watch?v=e-lB-FUJ3A0,"
Leipziger Parteitag: Rede von Gabi Zimmer, Vorsitzende der Fraktion GUE/NGL im Europaparlament

----------------------------------------


"
vqgFdypWWz0,278,2020-11-07,@DIELINKE,https://www.youtube.com/watch?v=vqgFdypWWz0,"
    Katja Kipping zum Ausgang der US-Wahlen

    ----------------------------------------

    Parteivorsitzende Katja Kipping äußert sich zum Ausgang der US-Wahlen.

#DIELINKE #USWahl2020 #ElectionDay
"
wNS-7ab52fc,128,2018-03-04,@DIELINKE,https://www.youtube.com/watch?v=wNS-7ab52fc,"
    Katja Kipping zum Mitgliedervotum der SPD

    ----------------------------------------

    Gemeinsam mehr werden - für einen sozialen Aufbruch

Zum Ausgang des SPD-Mitgliederentscheids über einen Koalitionsvertrag zwischen SPD und Union erklären die Vorsitzenden der Partei DIE LINKE, Katja Kipping und Bernd Riexinger:

""Während eine gespaltene SPD und eine lustlose Union auf die Regierungsbank zurückkehren, krempeln wir die Ärmel hoch. Mit Horst Seehofer, Jens Spahn und Olaf Scholz bleiben Rechtsruck, Pflegenotstand und Schwarze Null Regierungsprogramm. Damit finden wir uns nicht ab. Der sozialen Kälte der Eliten setzen wir eine solidarische Alternative entgegen - für eine lebenswerte Zukunft, die von Vielen gemacht wird.

Ein Drittel der SPD-Mitglieder hat Angela Merkel satt und will endlich wieder sozialdemokratische Politik. Doch offenbar hat TiNA (There is no alternative) neben Angela Merkel nun eine weitere beste Freundin: Andrea Nahles. Jedes NEIN zur GroKo stand unter vielfachem Druck. Die Drohung von Nahles, keinen Plan B zu haben und die Angst vor Neuwahlen machen das Gros der Ja-Stimmen aus – von sozialdemokratischer Euphorie und Aufbruchstimmung keine Spur. Viele SPD-Anhänger wissen, dass die GroKo keinen Kurswechsel für soziale Gerechtigkeit bedeutet.  Die SPD-Spitze appellierte wiederholt an das Verantwortungsbewusstsein der Parteimitglieder. Verantwortung heißt jedoch nicht, als Steigbügelhalterin für Angela Merkel zu dienen. Verantwortung heißt, für einen Politikwechsel zu kämpfen, der zu spürbaren Verbesserungen für die Gesellschaft führt.

Es gibt viel zu tun. Ein grundlegender Richtungswechsel gelingt nur mit einem sozialen Aufbruch der Vielen. DIE LINKE ist die soziale Opposition, im Bundestag und auf der Straße. Gemeinsam mit allen, die soziale Gerechtigkeit wollen, machen wir vom ersten Tag an Druck auf die GroKo. Den großen Leerstellen der schwarz-roten Regierung begegnen wir gemeinsam: mit Pflegekräften und Flüchtlingshilfsorganisationen, mit Mieterinitiativen und Gewerkschaftsmitgliedern, mit Klima-Aktivisten und Frauenrechtlerinnen.

Das Weiter-So der GroKo wird den Rechtsruck nicht aufhalten, sondern ihn noch befeuern. Wir laden deshalb ein, gemeinsam ins Gespräch zu kommen und den Druck zu erhöhen für Abrüstung und Klimaschutz, gegen den Pflegenotstand und für bezahlbares Wohnen. Kurzum für einen sozialen Aufbruch der vielen - auf dass wir gemeinsam mehr werden!“
"
oPnBzZgXlSY,48,2020-07-15,@DIELINKE,https://www.youtube.com/watch?v=oPnBzZgXlSY,"
    LINKS BEWEGT, unser neues Online-Magazin!

    ----------------------------------------

    Jetzt ist es fertig: LINKS BEWEGT, unser neues Online-Magazin!
👉 www.links-bewegt.de

Wir stellen Menschen vor, die vor Ort für DIE LINKE aktiv sind. Wir berichten über Aktionen, recherchieren politische Themen und geben Tipps. Zum Beispiel, wie man rechten Parolen Paroli bietet, linke Kommunalpolitik stark oder gemeinsam eine Aktion macht. Hier ist auch der Ort für gemeinsame Debatten - solidarisch, wenn es sein muss auch kontrovers. Dazu gibt es Buch- und Filmkritiken, ein Online-Quiz sowie linke Popkultur und Veranstaltungshinweise.
"
3NKJcevXt-o,222,2021-02-27,@DIELINKE,https://www.youtube.com/watch?v=3NKJcevXt-o,"
    Interview mit Rika Müller-Vahl von Fridays for Future

    ----------------------------------------

    Mit Rika Müller-Vahl von Fridays for Future sprachen wir am Rande unseres digitalen Parteitags.

#FFF #machtdasLandgerecht #dielinke #linke
"
e06dI0oTubw,1254,2022-05-24,@DIELINKE,https://www.youtube.com/watch?v=e06dI0oTubw,"
    Janine Wissler: Es braucht DIE LINKE in den Landtagen!

    ----------------------------------------

    Am vergangenen Wochenende fand in Hannover der Landesparteitag der LINKEN. Niedersachsen statt, auf dem das Wahlprogramm zur Landtagswahl im Oktober verabschiedet wurde: für gute Arbeit, bessere Bildung & mehr Lehrer:innen, bezahlbares Wohnen, wohnortnahe Gesundheitsversorgung, ein kostenloses Energie-Grundkontingent & mehr Geld für die Kommunen.

Wir dokumentieren die Rede von Janine Wissler auf dem Landesparteitag.

#Niedersachsengerecht #Gerechtigkeit #DIELINKE
"
J9GZkZtZTJY,450,2020-03-12,@DIELINKE,https://www.youtube.com/watch?v=J9GZkZtZTJY,"
   Eröffnung durch Katja Kipping | Clara-Zetkin-Frauenpreis 2020

   ----------------------------------------

   DIE LINKE lobt anlässlich des Frauentages 2020 zum zehnten Mal einen Preis aus, mit dem herausragende Leistungen von Frauen in Gesellschaft und Politik gewürdigt werden. Der Preis würdigt Projekte, die die Lebensbedingungen von Frauen verbessern, die Gleichstellung von Frauen und Männern in der Gesellschaft befördern oder anderen Frauen auf ihrem Lebensweg ein Vorbild, eine Anregung geworden sind.

#ClaraZetkinPreis #Feminismus #DIELINKE
"
kwA7rXXZrac,84,2019-09-30,@DIELINKE,https://www.youtube.com/watch?v=kwA7rXXZrac,"
    Bodo Ramelow: Geschichte ist der Rahmen unserer Identität.

    ----------------------------------------

    „Wir dürfen nicht zulassen, dass unsere Geschichte, die Zeit von '33 bis '45 als 'Vogelschiss' abgetan wird oder unsere Mahnmale als Schande bezeichnet werden. Nie wieder und niemals vergessen: Gerechtigkeit und Solidarität.“
#BodoRamelow #Ramelow #Thüringen
"
I-Ed5-6JHJk,973,2019-01-16,@DIELINKE,https://www.youtube.com/watch?v=I-Ed5-6JHJk,"
Katja Kipping / Bernd Riexinger beim Jahresauftakt der LINKEN

----------------------------------------

Empfang des Parteivorstandes im Refugio in Berlin-Neukölln mit Katja Kipping, Bernd Riexinger, Ruben Neugebauer (Sea Watch), Carolin Emcke (Publizistin), Idil Baydar aka Jilet Ayse und vielen anderen.
"
gU8EHTpY664,81,2023-10-07,@DIELINKE,https://www.youtube.com/watch?v=gU8EHTpY664,"
    Ex-Obdachloser & Bestsellerautor: ""Ich will Armut & Obdachlosigkeit überwinden!""

    ----------------------------------------

    Vom Obdachlosen zum Bestsellerautor: Richard Brox hat es mit seinem Buch ""Kein Dach über dem Leben"" von der Straße in die Bestsellerlisten geschafft. In ihm schildert er sein Leben in Obdachlosigkeit.

Heute engagiert sich Richard bei der LINKEN. Für ihn ist klar: ""Ich will Armut und Obdachlosigkeit überwinden. Und das ist machbar und möglich mit der Linkspartei.""

Am 8. Oktober in Hessen & Bayern DIE LINKE wählen: Deine Stimme für soziale Gerechtigkeit!

#Hessen #Politik #DIELINKE
"
QnGUJhEEzFI,974,2020-10-12,@DIELINKE,https://www.youtube.com/watch?v=QnGUJhEEzFI,"
    Schulen und Corona: Luftfilter und Digitalisierungsschub nötig

    ----------------------------------------

    Die Herbstferien sind womöglich die letzte gute Gelegenheit, nachzuholen, was im Sommer versäumt wurde: die Schulen fit für den Corona-Winter zu machen. Klassenräume müssen möglichst flächendeckend mit Luftfiltern ausgestattet werden. Dazu braucht es ein Bundesprogramm, dass die Herstellung fördert und die Anschaffung für die Schulen finanziell leistbar macht. Zudem braucht es einen Digitalisierungsschub an den Schulen. Um Fernunterricht zu gewährleisten, muss jede*r Schüler*in mit einem Laptop oder einem Tablet ausgestattet sein.

Weitere Themen der Pressekonferenz waren die Diskussion rund um die Hartz-IV-Regelsätze, der türkisch-griechische Erdgasstreit und der Welternährungstag.
"
YXuc-4P9ge8,1287,2023-08-18,@DIELINKE,https://www.youtube.com/watch?v=YXuc-4P9ge8,"
    Elke Kahr: Politik frei von Geldgier und Arroganz

    ----------------------------------------

    Elke Kahr ist die erste kommunistische Bürgermeisterin Österreichs. In Graz ist die 61-jährige vor zwei Jahren gewählt worden und erregte damit internationales Aufsehen. Während kommunistische Ideen europaweit skeptisch betrachtet werden und kaum Wahlerfolge verbuchen können, wurde die Kommunistische Partei Österreichs in Graz und jüngst in Salzburg mit beachtlichen Ergebnissen von den Wähler*innen beschenkt.

Wir wollten von Elke Kahr wissen, wie kommunistische Politik im 21. Jahrhundert erfolgreich sein kann, was sie in Graz seit ihrer Wahl für die Menschen erreicht hat und warum ihre Politik nichts mit der autoritären Politik der alten kommunistischen Regime zu tun hat.

#Politik #KPÖ #DIELINKE
"
pxqkQ-vzhzY,652,2018-08-14,@DIELINKE,https://www.youtube.com/watch?v=pxqkQ-vzhzY,"
    Adrian Garcia-Landa und Christoph Trautvetter: Wem zahle ich eigentlich Miete?

    ----------------------------------------

    Auf zur Linke Woche der Zukunft vom 13. - 16.9.2018 in Berlin! Melde dich jetzt an: https://www.linke-woche-der-zukunft.de/

In einer losen Reihe stellen wir Themen und Referent*innen der Linke Woche der Zukunft​ vor:

""Wem zahle ich eigentlich Miete?"" Das ambitionierte Projekt von Adrian Garcia-Landa und Christoph Trautvetter will Mieter*innen, Aktivist*innen, Mandatsträger*innen im Umgang mit profitorientierten Vermietern und Investoren unterstützen, begleiten und vernetzen. Unterstützt wird ihr Projekt u.a. von der Rosa-Luxemburg-Stiftung und Bizim Kiez. Auf der Linken Woche der Zukunft stellen sie ihr Projekt vor.

*Der Workshop findet im Rahmen von über:MORGEN, einer Reihe der Rosa-Luxemburg-Stiftung, statt.
"
2sCfbOmWTUk,148,2021-05-31,@DIELINKE,https://www.youtube.com/watch?v=2sCfbOmWTUk,"
    Ab an die Tür! Beim bundesweiten Haustür-Aktionstag am 5. Juni

    ----------------------------------------

    Haustürgespräche bringen uns in Kontakt mit den Leuten, die wir am Infostand zu selten treffen, die wir mit Plakaten kaum erreichen und die nicht zu unseren Veranstaltungen kommen. Sie stärken unsere Verankerung und sind eine gute Gelegenheit, linke Kandidatinnen und linke Inhalte zu präsentieren.

Alle Informationen rund um den Haustürwahlkampf findet ihr auf https://www.die-linke.de/mitmachen/haustuergespraeche/
"
WnXV3ZmC_mI,429,2018-01-12,@DIELINKE,https://www.youtube.com/watch?v=WnXV3ZmC_mI,"
Diese Groko wird die zentralen sozialen Probleme leider nicht lösen

----------------------------------------

Statement von Bernd Riexinger zu den Ergebnissen der Sondierungen: Die zentralen sozialen und ökonomischen Probleme wird diese Groko nicht lösen. Es gibt keine Umverteilung. Das begrenzt die Möglichkeiten, in Gesundheit, Pflege oder Bildung zu investieren. Eine Rente, die vor Armut schützt oder eine gute Pflege werden nicht angegangen. Es gibt keinen Einstieg in die Bürgerversicherung oder eine Abschaffung der sachgrunglosen Befristung.
"
BJTegOO6rdU,171,2021-06-22,@DIELINKE,https://www.youtube.com/watch?v=BJTegOO6rdU,"
Stimmen zum Wahlprogramm: Klimaschutz

----------------------------------------

Maximilian wohnt in Rendsburg und ist bei Fridays for Future aktiv, da die  Klimakrise nur sozial gerecht bewältigt werden kann und er die soziale Stimme in der Klimabewegung für zentral hält.
"
RUew3wECQBU,2429,2021-06-12,@DieGruenen,https://www.youtube.com/watch?v=RUew3wECQBU,"
Annalena Baerbock | Rede auf dem Bundesparteitag | #dBDK21

----------------------------------------

Annalena Baerbock, Kanzlerkandidatin und Bundesvorsitzende von BÜNDNIS 90/DIE GRÜNEN hält ihre Rede auf dem digitalen Bundesparteitag 2021.
"
RvxOzF99Xc8,358,2022-10-15,@DieGruenen,https://www.youtube.com/watch?v=RvxOzF99Xc8,"
Robert Habeck | Rede zur sicheren Energieversorung im Winter | #BDK22

----------------------------------------

Vizekanzler und Bundesminister für Wirtschaft und Klimaschutz Robert Habeck spricht zum Leitantrag für eine sichere Energieversorgung im Winter auf der 48. Bundesdelegiertenkonferenz von BÜNDNIS 90/DIE GRÜNEN.
"
fjwlkQeOODo,436,2022-10-16,@DieGruenen,https://www.youtube.com/watch?v=fjwlkQeOODo,"
Steffi Lemke | Rede zu konsequentem Klimaschutz | #BDK22

----------------------------------------

Steffi Lemke, grüne Bundesministerin für Umwelt, Naturschutz, nukleare Sicherheit und Verbraucherschutz spricht zum Leitantrag „Klimakrise als Menschheitsaufgabe: für Klimaschutz, für Freiheit"" auf der 48. Bundesdelegiertenkonferenz.
"
NaQ1AjeeQFQ,1810,2023-11-25,@DieGruenen,https://www.youtube.com/watch?v=NaQ1AjeeQFQ,"
Ricarda Lang | 49. Bundesdelegiertenkonferenz | #bdk23

----------------------------------------


"
I_akkezbCng,933,2021-11-25,@DieGruenen,https://www.youtube.com/watch?v=I_akkezbCng,"
Robert Habeck | Rede auf dem Bund-Länder-Forum

----------------------------------------

Bundesvorsitzender Robert Habeck spricht auf dem Bund-Länder-Forum von BÜNDNIS 90/DIE GRÜNEN in Berlin am 25. November 2021.
"
2CYcyRxXvuE,854,2018-11-09,@DieGruenen,https://www.youtube.com/watch?v=2CYcyRxXvuE,"
Jörg Hofmann – Rede 2. Bundesparteitag 2018

----------------------------------------

Jörg Hofmann – Rede auf dem Bundesparteitag 2018 in Leipzig
"
yzhAPcvSXsI,317,2020-11-22,@DieGruenen,https://www.youtube.com/watch?v=yzhAPcvSXsI,"
Neue Zeiten, neue Antworten | Lukas Beckmann und Anna Peters | #dbdk20

----------------------------------------

Lukas Beckmann und Anna Peters  sprechen im Zuge des digitalen Pateitags von BÜNDNIS 90/DIE GRÜNEN zum Thema Gerechtigkeit. #dbdk20
"
x8DL2JAV-yE,315,2019-11-16,@DieGruenen,https://www.youtube.com/watch?v=x8DL2JAV-yE,"
Malte Spitz auf dem 44. Bundesparteitag der Grünen in Bielefeld 2019 – Bewerbungsrede

----------------------------------------

Malte Spitz - Bewerbungsrede für den Parteirat von Bündnis 90/Die Grünen auf der 44. Bundesdelegiertenkonferenz am 16. November 2019 in der Stadthalle Bielefeld.
"
qBYoMbOxDi4,129,2018-11-09,@DieGruenen,https://www.youtube.com/watch?v=qBYoMbOxDi4,"
Manuela Rottmann zum Antragsverfahren – Rede 2. Bundesparteitag 2018

----------------------------------------

Manuela Rottmann zum Antragsverfahren – Rede auf dem Bundesparteitag 2018 in Leipzig
"
QHJIvcyd2XI,421,2018-11-09,@DieGruenen,https://www.youtube.com/watch?v=QHJIvcyd2XI,"
Gerhard Schick – Rede 2. Bundesparteitag 2018

----------------------------------------

Gerhard Schick – Rede auf dem Bundesparteitag 2018 in Leipzig
"
4Jbe4MhIuWc,464,2023-06-17,@DieGruenen,https://www.youtube.com/watch?v=4Jbe4MhIuWc,"
Aminata Touré | Rede auf dem Länderrat in Bad Vilbel

----------------------------------------

#Länderrat2023 | Aminata Touré, Ministerin für Soziales, Jugend, Familie, Senioren, Integration und Gleichstellung in Schleswig-Holstein
"
LOVBukkAYpE,75,2020-11-22,@DieGruenen,https://www.youtube.com/watch?v=LOVBukkAYpE,"
Mein Grüner Moment | Ekin Deligöz | #dbdk20

----------------------------------------

Für die digitale Bundesdelegiertenkonferenz 2020 spricht Ekin Deligöz von BÜNDNIS 90/DIE GRÜNEN über ihren Grünen Moment. #dbdk20
"
AXrHdTDr8ZM,397,2018-11-10,@DieGruenen,https://www.youtube.com/watch?v=AXrHdTDr8ZM,"
Malte Gallée – Rede auf dem Bundesparteitag 2018 in Leipzig

----------------------------------------

Malte Gallée – Rede auf dem Bundesparteitag 2018 in Leipzig vom 09. bis 11.11.2018
"
3cBxLPJK7yk,98,2020-11-20,@DieGruenen,https://www.youtube.com/watch?v=3cBxLPJK7yk,"
Gastvideo Svetlana Tichanowskaya | #dbdk20

----------------------------------------

Für die digitale Bundesdelegiertenkonferenz 2020 spricht Svetlana Tichanowskaya, belarussische Oppositionspolitikerin, über internationale Solidarität während den Protesten in Belarus. | #dbdk20
"
l8_wQiOYvXo,598,2022-01-29,@DieGruenen,https://www.youtube.com/watch?v=l8_wQiOYvXo,"
Heiko Knopf | Rede auf dem digitalen Parteitag | #dbdk22

----------------------------------------

Vorstellungsrede von Heiko Knopf auf der 47. Bundesdelegiertenkonferenz von BÜNDNIS 90/DIE GRÜNEN zur Bewerbung für den stellvertretenden Bundesvorsitz.
"
fe4ZPQ_ewZE,580,2022-10-16,@DieGruenen,https://www.youtube.com/watch?v=fe4ZPQ_ewZE,"
Cem Özdemir | Rede auf dem Parteitag in Bonn | #BDK22

----------------------------------------

Cem Özdemir, Bundesminister für Ernährung und Landwirtschaft, spricht auf der 48. Bundesdelegiertenkonferez von BÜNDNIS 90/DIE GRÜNEN.
"
wBqsPNXXtJc,67,2023-11-23,@DieGruenen,https://www.youtube.com/watch?v=wBqsPNXXtJc,"
Ausschnitt aus der politischen Rede von Omid Nouripour bei der #BDK23

----------------------------------------

Heute begann unser Parteitag #BDK23 in Karlsruhe. Wir werden hier auch über die Situation in Israel diskutieren. Denn wir sehen das Leid der Menschen in Gaza, wir sehen, wie die humanitäre Lage Stunde um Stunde dramatischer wird. Wer aber vor den grauenvollen Bildern vom 7. Oktober nicht auf die Knie fällt, der hat keinen Anstand. Wer Anstand hat, steht an der Seite Israels und vor allem gegen den Horror und den Terror der Hamas. Nicht nur den Israelis gegenüber, sondern auch den Menschen in Gaza gegenüber.
"
K4pkxz5suis,401,2018-11-10,@DieGruenen,https://www.youtube.com/watch?v=K4pkxz5suis,"
Ulrike Gote – Rede auf dem Bundesparteitag 2018 in Leipzig

----------------------------------------

Ulrike Gote – Rede auf dem Bundesparteitag 2018 in Leipzig vom 09. bis 11.11.2018
"
gmaL2msCS3U,115,2018-11-09,@DieGruenen,https://www.youtube.com/watch?v=gmaL2msCS3U,"
Diana Siebert – Rede 2. Bundesparteitag 2018

----------------------------------------

Diana Siebert – Rede auf dem Bundesparteitag 2018 in Leipzig
"
TLpSTV0g0OI,4526,2020-07-15,@DieGruenen,https://www.youtube.com/watch?v=TLpSTV0g0OI,"
Vorstellung des Entwurfs zum neuen Grundsatzprogramm Annalena Baerbock und Michael Kellner

----------------------------------------

Annalena Baerbock, Bundesvorsitzende, und Michael Kellner, politischer Bundesgeschäftsführer, stellen Euch den Entwurf des neuen Grundsatzprogramms vor und tauschen sich mit Euch darüber aus. Wir haben am 26. Juni 2020 den Entwurf für ein neues Grundsatzprogramm unserer Partei vorgelegt. Es soll im Herbst 2020 bei unserer Bundesdelegiertenkonferenz in Karlsruhe beschlossen werden und damit das aktuelle Grundsatzprogramm von 2002 ablösen.
"
0XufSun2-5U,221,2020-11-22,@DieGruenen,https://www.youtube.com/watch?v=0XufSun2-5U,"
Gastbeitrag Helga Schmidt | Debatte Internationales| #dbdk20

----------------------------------------

Helga Schmidt spricht anlässlich der digitalen Bundesdelegiertenkonferenz über Internationales. #dbdk20
"
6geqfv-ZOZ8,630,2019-11-16,@DieGruenen,https://www.youtube.com/watch?v=6geqfv-ZOZ8,"
Michael Kellner auf dem 44. Bundesparteitag der Grünen in Bielefeld 2019 – Bewerbungsrede

----------------------------------------

Michael Kellner - Bewerbungsrede für den Bundesvorstand von Bündnis 90/Die Grünen auf der 44. Bundesdelegiertenkonferenz am 16. November 2019 in der Stadthalle Bielefeld.
"
0SPIwEmZe5M,126,2018-11-11,@DieGruenen,https://www.youtube.com/watch?v=0SPIwEmZe5M,"
Kristin Kosche – Rede auf dem Bundesparteitag 2018 in Leipzig

----------------------------------------

Kristin Kosche – Rede auf dem Bundesparteitag 2018 in Leipzig vom 09. bis 11.11.2018
"
2TmR3Xt1Bf8,327,2023-06-17,@DieGruenen,https://www.youtube.com/watch?v=2TmR3Xt1Bf8,"
Omid Nouripour | Politische Rede auf dem Länderrat in Bad Vilbel

----------------------------------------

#Länderrat2023 Omid Nouripour, Co-Bundesvorsitzender von Bündnis 90/Die Grünen
"
I1fGBL1DOGY,840,2023-11-26,@DieGruenen,https://www.youtube.com/watch?v=I1fGBL1DOGY,"
Lisa Paus  | 49. Bundesdelegiertenkonferenz | #bdk23

----------------------------------------


"
UbXpHYLkt3Y,455,2020-11-22,@DieGruenen,https://www.youtube.com/watch?v=UbXpHYLkt3Y,"
Einbringung Ricarda Lang | Zusammenhalt | #dbdk20

----------------------------------------

Ricarda Lang, stellvertretende Bundesvorsitzende von BÜNDNIS 90/DIE GRÜNEN spricht in ihrer Einbringungsrede zum Thema ""Zusammenhalt"". #dbdk20
"
aMseVsqAdiI,419,2018-11-10,@DieGruenen,https://www.youtube.com/watch?v=aMseVsqAdiI,"
Erik Marquardt – Rede auf dem Bundesparteitag 2018 in Leipzig

----------------------------------------

Erik Marquardt – Rede auf dem Bundesparteitag 2018 in Leipzig vom 09. bis 11.11.2018
"
iCGd6wzsS_4,372,2022-10-14,@DieGruenen,https://www.youtube.com/watch?v=iCGd6wzsS_4,"
Katharina Dröge | Rede auf dem Parteitag in Bonn | #BDK22

----------------------------------------

Katharina Dröge, Vorsitzende der Bundestagsfraktion von BÜNDNIS 90/DIE GRÜNEN, spricht auf der 48. Bundesdelegiertenkonferez.
"
YezZ4K9hlK0,500,2023-11-26,@DieGruenen,https://www.youtube.com/watch?v=YezZ4K9hlK0,"
Britta Haßelmann  | 49. Bundesdelegiertenkonferenz | #bdk23

----------------------------------------


"
RgmM_GlMntQ,261,2019-11-16,@DieGruenen,https://www.youtube.com/watch?v=RgmM_GlMntQ,"
Franziska Brantner auf dem 44. Bundesparteitag der Grünen in Bielefeld 2019 – Bewerbungsrede

----------------------------------------

Franziska Brantner - Bewerbungsrede für den Parteirat von Bündnis 90/Die Grünen auf der 44. Bundesdelegiertenkonferenz am 16. November 2019 in der Stadthalle Bielefeld.
"
r8NYCm8NpYI,817,2023-11-26,@DieGruenen,https://www.youtube.com/watch?v=r8NYCm8NpYI,"
Terry Reintke  | 49. Bundesdelegiertenkonferenz | #bdk23

----------------------------------------


"
3LSpC_z1m_k,1570,2020-11-20,@DieGruenen,https://www.youtube.com/watch?v=3LSpC_z1m_k,"
Politische Rede von Annalena Baerbock | #dbdk20

----------------------------------------

Die Bundesvorsitzende von BÜNDNIS 90/DIE GRÜNEN Annalena Baerbock hält ihre politische Rede als Auftakt des digitalen Parteitags. #dbdk20
"
5aAfx-1usQ0,343,2018-06-29,@DieGruenen,https://www.youtube.com/watch?v=5aAfx-1usQ0,"
Ein entscheidendes Wochenende

----------------------------------------

Ein entscheidendes Wochenende steht uns bevor. Mit EU-Gipfel und Unionsstreit. Ich hab mal einen Versuch gemacht, das Ganze etwas einzuordnen und die Frage zu beantworten: Warum ist das eigentlich gerade jetzt so eskaliert - was bringt die CSU dazu sich so zu verhalten?
"
4zjcWWOAM0M,787,2019-11-16,@DieGruenen,https://www.youtube.com/watch?v=4zjcWWOAM0M,"
Annalena Baerbock auf dem 44. Bundesparteitag der Grünen in Bielefeld 2019 – Bewerbungsrede

----------------------------------------

Annalena Baerbock - Bewerbungsrede für den Bundesvorstand von Bündnis 90/Die Grünen auf der 44. Bundesdelegiertenkonferenz am 16. November 2019 in der Stadthalle Bielefeld.
"
Wj2h8xc1B44,449,2018-11-09,@DieGruenen,https://www.youtube.com/watch?v=Wj2h8xc1B44,"
Toni Hofreiter – Rede 2. Bundesparteitag 2018

----------------------------------------

Toni Hofreiter – Rede auf dem Bundesparteitag 2018 in Leipzig
"
LV0bISnXZCo,5117,2020-07-28,@DieGruenen,https://www.youtube.com/watch?v=LV0bISnXZCo,"
Neue Werte? – Diskussion über den Entwurf des neuen Grundsatzprogramms

----------------------------------------

18 Jahre nach dem vergangenen Grundsatzprogramm schreiben wir in einer neuen Zeit ein Grundsatzprogramm. In diesem Entwurf zum Grundsatzprogramm definieren wir als Einstieg und Herz des Programms unsere Grundwerte. Was bedeuten sie für die politische Wirklichkeit und für unsere Partei? Wo weisen sie hin? Und wie haben sie sich im Laufe der Zeit gewandelt? Michael Kellner, politischer Bundesgeschäftsführer, lädt zu einer Diskussion über diese Grundwerte mit euch, Dr. Isabelle Borucki und Prof. Dr. Rainer Forst ein. Moderation Ricarda Lang.
"
OsQ_H_ONN7E,396,2018-11-11,@DieGruenen,https://www.youtube.com/watch?v=OsQ_H_ONN7E,"
Ricarda Lang – Rede auf dem Bundesparteitag 2018 in Leipzig

----------------------------------------

Ricarda Lang – Rede auf dem Bundesparteitag 2018 in Leipzig vom 09. bis 11.11.2018
"
xI33__M1iwc,109,2020-11-22,@DieGruenen,https://www.youtube.com/watch?v=xI33__M1iwc,"
#dbdk20 – Das war der Sonntag

----------------------------------------

Das waren die Highlights des dritten und letzten Tages des digitalen Parteitags von BÜNDNIS 90/ DIE GRÜNEN. #dbdk20
"
UmdePxbQCqo,240,2018-11-09,@DieGruenen,https://www.youtube.com/watch?v=UmdePxbQCqo,"
Katharina Beck – Rede 2. Bundesparteitag 2018

----------------------------------------

Katharina Beck – Rede auf dem Bundesparteitag 2018 in Leipzig
"
_x_utwmXn9M,1116,2022-10-14,@DieGruenen,https://www.youtube.com/watch?v=_x_utwmXn9M,"
Siegfried Russwurm | Rede auf dem Parteitag in Bonn | #BDK22

----------------------------------------

Siegfried Russwurm, Präsident des Bundesverbandes der Deutschen Industrie, spricht auf der 48. Bundesdelegiertenkonferenz von BÜNDNIS 90/DIE GRÜNEN.
"
By3JfpkvYQk,658,2022-05-03,@DieGruenen,https://www.youtube.com/watch?v=By3JfpkvYQk,"
Mona Neubaur | Rede auf dem dem Länderrat in Düsseldorf

----------------------------------------

Mona Neubaur, Landesvorsitzende und Spitzenkandidatin der GRÜNEN NRW für die Landtagswahl 2022, hält ihre Rede auf dem Länderrat von BÜNDNIS 90/DIE GRÜNEN.
"
z81Yz8uSX9A,172,2020-01-14,@DieGruenen,https://www.youtube.com/watch?v=z81Yz8uSX9A,"
Michael Kellner auf dem 44. Bundesparteitag der Grünen in Bielefeld 2019 - Mindestlohn

----------------------------------------

Michael Kellner auf dem 44. Bundesparteitag der Grünen in Bielefeld 2019 - Mindestlohn
"
IDB3jvxX9YI,255,2018-11-11,@DieGruenen,https://www.youtube.com/watch?v=IDB3jvxX9YI,"
Katharina Dröge – Rede auf dem Bundesparteitag 2018 in Leipzig

----------------------------------------

Katharina Dröge – Rede auf dem Bundesparteitag 2018 in Leipzig vom 09. bis 11.11.2018
"
HmPRiTzOHsk,440,2022-10-18,@DieGruenen,https://www.youtube.com/watch?v=HmPRiTzOHsk,"
Elizabeth Wathuti | Rede auf dem Parteitag in Bonn | #BDK22

----------------------------------------

Elisabeth Wathuti, kenianische Klimaaktivistin und die Gründerin der Green Generation Initiative, spricht auf der 48. Bundesdelegiertenkonferenz von BÜNDNIS 90/DIE GRÜNEN.
"
rvmuLQpYXuQ,373,2018-11-10,@DieGruenen,https://www.youtube.com/watch?v=rvmuLQpYXuQ,"
Birgit  Raab – Rede auf dem Bundesparteitag 2018 in Leipzig

----------------------------------------

Birgit  Raab – Rede auf dem Bundesparteitag 2018 in Leipzig vom 09. bis 11.11.2018
"
wdYTWu-sWl4,219,2022-05-03,@DieGruenen,https://www.youtube.com/watch?v=wdYTWu-sWl4,"
Monika Heinold | Rede auf dem Länderrat in Düsseldorf

----------------------------------------

Monika Heinold, grüne Finanzministerin in Schleswig-Holstein sowie Spitzenkandidatin der GRÜNEN SH für die Landtagswahl 2022, hält ihre Rede auf dem Länderrat von BÜNDNIS 90/DIE GRÜNEN.
"
0Xj6xhX23xo,435,2022-05-03,@DieGruenen,https://www.youtube.com/watch?v=0Xj6xhX23xo,"
Claudia Roth | Rede auf dem dem Länderrat in Düsseldorf

----------------------------------------

Claudia Roth, Staatsministerin für Kultur und Medien, spricht auf dem Länderrat von BÜNDNIS 90/DIE GRÜNEN.
"
pLbtIUChFxc,87,2020-11-21,@DieGruenen,https://www.youtube.com/watch?v=pLbtIUChFxc,"
#dbdk20 – Das war der Freitag

----------------------------------------

Das waren die Highlights des erste Tages des digitalen Parteitags von BÜNDNIS 90/ DIE GRÜNEN. #dbdk20
"
nZOvzgSjMCE,418,2021-06-12,@DieGruenen,https://www.youtube.com/watch?v=nZOvzgSjMCE,"
Ricarda Lang | Einbringung Solidarität sichern | #dBDK21

----------------------------------------

Ricarda Lang, stellvertretende Bundesvorsitzende von BÜNDNIS 90/DIE GRÜNEN, hält ihre Einbringungsrede zum Kapitel ""Solidarität sichern"" des Wahlprogramms zur Bundestagswahl 2021 auf dem digitalen Bundesparteitag 2021.
"
e3ki2Ih7jZQ,574,2023-06-17,@DieGruenen,https://www.youtube.com/watch?v=e3ki2Ih7jZQ,"
Annalena Baerbock | Rede auf dem Länderrat in Bad Vilbel

----------------------------------------

#Länderrat2023 Annalena Baerbock, Außenministerin
"
1q_F3zTa3Dk,4502,2020-07-15,@DieGruenen,https://www.youtube.com/watch?v=1q_F3zTa3Dk,"
Vorstellung des Entwurfs zum neuen Grundsatzprogramm mit Robert Habeck und Michael Kellner

----------------------------------------

Robert Habeck, Bundesvorsitzender, und Michael Kellner, politischer Bundesgeschäftsführer, stellen Euch den Entwurf des neuen Grundsatzprogramms vor und tauschen sich mit Euch darüber aus. Wir haben am 26. Juni 2020 den Entwurf für ein neues Grundsatzprogramm unserer Partei vorgelegt. Es soll im Herbst 2020 bei unserer Bundesdelegiertenkonferenz in Karlsruhe beschlossen werden und damit das aktuelle Grundsatzprogramm von 2002 ablösen.
"
B6h4pwEELtM,327,2023-06-17,@DieGruenen,https://www.youtube.com/watch?v=B6h4pwEELtM,"
Omid Nouripour | Rede auf dem Länderrat in Bad Vilbel

----------------------------------------

#Länderrat2023 Omid Nouripour, Co-Bundesvorsitzender von Bündnis 90/Die Grünen
"
vdfO93JVnfU,900,2018-11-10,@DieGruenen,https://www.youtube.com/watch?v=vdfO93JVnfU,"
Igor Levit spielt Bach - Goldberg Variationen: Aria – Rede 2. Bundesparteitag 2018

----------------------------------------

Igor Levit spielt Bach - Goldberg Variationen: Aria – Rede auf dem Bundesparteitag 2018 in Leipzig
"
qHcHplzCkNM,679,2018-11-10,@DieGruenen,https://www.youtube.com/watch?v=qHcHplzCkNM,"
Sven Giegold – Rede auf dem Bundesparteitag 2018 in Leipzig

----------------------------------------

Bewerbungsrede zur Europawahl
"
9AsYwpZOqp8,446,2022-02-09,@DieGruenen,https://www.youtube.com/watch?v=9AsYwpZOqp8,"
Sagt mal, Ricarda Lang und Omid Nouripour

----------------------------------------

Die neu gewählten designierten Bundesvorsitzenden von Bündnis 90/Die Grünen, Ricarda Lang und Omid Nouripour, beantworten Fragen, die uns zugeschickt wurden. Was sie zu Klimaschutz, Mindestlohn, Heizkostenzuschlag und Kindergrundsicherung sagen und bis wann sie am liebsten Marihuana legalisieren wollen – das alles erfahrt ihr im Video.
"
vIGIkZhS258,1410,2021-09-19,@DieGruenen,https://www.youtube.com/watch?v=vIGIkZhS258,"
Robert Habeck | Rede auf dem #Wahlparteitag

----------------------------------------

Robert Habeck, Bundesvorsitzender von BÜNDNIS 90/DIE GRÜNEN, spricht auf dem Wahlparteitag.
"
fvgOxVAw5hQ,301,2018-01-27,@DieGruenen,https://www.youtube.com/watch?v=fvgOxVAw5hQ,"
Katja Dörner Bewerbungsrede Parteirat Bundesparteitag 2018

----------------------------------------


"
x2gf7VV1UsA,97,2020-11-21,@DieGruenen,https://www.youtube.com/watch?v=x2gf7VV1UsA,"
Mein Grüner Moment | Sara Nanni | #dbdk20

----------------------------------------

Für die digitale Bundesdelegiertenkonferenz 2020 spricht Sara Nanni von BÜNDNIS 90/DIE GRÜNEN über ihren Grünen Moment. #dbdk20
"
aIGYPMmeLk0,1547,2021-08-04,@DieGruenen,https://www.youtube.com/watch?v=aIGYPMmeLk0,"
Ab wann ist Wahlkampf demokratieschädigend? Webinar mit Annika Brockschmidt

----------------------------------------

Aufzeichnung vom 25.07.2021. Webinar: ""Falschnachrichten, Diffamierung, Polarisierung - Ab wann ist Wahlkampf demokratieschädigend?"" von Ricarda Lang & Jamila Schäfer
"
j9IsCIqFp6w,474,2020-11-22,@DieGruenen,https://www.youtube.com/watch?v=j9IsCIqFp6w,"
Nachgefragt bei Matthias Quent, Sarah Lee Heinrich und Peter Fleming | #dbdk20

----------------------------------------

Matthias Quent, Direktor des Instituts für Demokratie und Zivilgesellschaft in Jena, Peter Fleming, Geschäftsführer des Münchner Clubs 'Harry Klein' und Sarah Lee Heinrich, esreichtfürunsalle.de - Aktivistin gegen Kinderarmut sprechen zur Debatte ""Zusammenhalt"" | #dbdk20
"
GtshKaJOhB8,94,2023-05-13,@FDP,https://www.youtube.com/watch?v=GtshKaJOhB8,"
    Christian Lindner & Annabel Oelmann über die Bedeutung finanzieller Bildung | #7 CL+ Annabel Oelmann

    ----------------------------------------

    Finanzielle Bildung ist der Schlüssel zu einem selbstbestimmten Leben. Allerdings wird dem Thema Geld in Deutschland noch viel zu häufig mit Skepsis oder Scham begegnet. Warum wir in diesem Bereich dringend einen Kulturwandel brauchen, diskutiert @c_lindner mit der Chefin der Verbraucherzentrale Bremen Dr. Annabel Oelmann in der siebten Folge CL+.

🎧 Die ganze Folge CL+ findet Ihr auf allen #Podcast-Plattformen, hier auf unserem YouTube-Kanal und auf https://www.fdp.de/cl-der-podcast-mit-christian-lindner.

_______________________________
Abonniere unseren Kanal: http://youtube.com/fdp?sub_confirmation=1
Folge uns auf
Facebook: https://www.facebook.com/fdp
Twitter: https://twitter.com/fdp
Instagram: https://www.instagram.com/fdp
LinkedIn: https://www.linkedin.com/company/freiedemokraten
"
JaBImqhXuqw,356,2020-03-23,@FDP,https://www.youtube.com/watch?v=JaBImqhXuqw,"
Jeden Tag muss die Frage nach dem Exit gestellt werden

----------------------------------------

Nach den digitalen Gremiensitzungen von Präsidium und Bundesvorstand der FDP erklärte Christian Lindner, dass die Freien Demokraten die Maßnahmen der Regierung zur Bekämpfung des #Coronavirus unterstützen. Sie seien derzeit verhältnismäßig. Doch der FDP-Bundesvorsitzende stellte auch klar, dass die massiven Einschränkungen andauernd überprüft werden müssen: „Jeden Tag muss die Frage nach dem Exit gestellt werden.“
"
bNEjD35aFPk,1683,2018-05-13,@FDP,https://www.youtube.com/watch?v=bNEjD35aFPk,"
    Digitalisierung betrifft uns alle

    ----------------------------------------

    Die Digitalisierung löst die 200 Jahre alte Industrialisierung ab.
Warum sie uns als Arbeitnehmer und Unternehmerin, Handwerker, Patient, Ärztin, Schüler, Busfahrerund Krankenpfleger betrifft, erklärt Nicola Beer.
"
YRE01ZHlS9o,60,2020-08-26,@FDP,https://www.youtube.com/watch?v=YRE01ZHlS9o,"
    Moderne Arbeit | #Schmitt

    ----------------------------------------

    „Für die Wirtschaft brauchen wir neben den finanziellen Unterstützungsmaßnahmen ein Modernisierungspaket, das betrifft beispielsweise digitale Möglichkeiten in der Arbeitswelt, aber auch bei der beruflichen Bildung. Selbständigkeit und Unternehmertum sind ein weiteres, ganz wichtiges Thema. Hier dürfen Maßnahmen und eine gute Unterstützung coronabedingt nicht nachlassen“, fordert Daniela Schmitt bei der Vorstellung des Positionspapiers „Arbeit gestalten, Aufstieg ermöglichen, Wohlstand sichern – ein echtes Modernisierungspaket für die 2020er Jahre schnüren“.

Die Freien Demokraten haben sich auf ihrem traditionellen Dreikönigstreffen zum Jahresanfang vorgenommen, die Partei der modernen Arbeit zu werden. Seitdem haben Daniela Schmitt, Johannes Vogel und Harald Christ im Rahmen einer gemeinsamen Arbeitsgruppe konkrete Vorschläge zur Zukunft der Arbeit zusammengetragen. Heute haben Sie das Positionspapier „Arbeit gestalten, Aufstieg ermöglichen, Wohlstand sichern – ein echtes Modernisierungspaket für die 2020er Jahre schnüren“ vorgelegt.

Unter anderem geht es darum, wie die Interessen von Arbeitnehmern und Arbeitgebern im 21. Jahrhundert und im Angesicht von Corona neu ausbalanciert werden können. Dazu gehören zeitgemäße Arbeitsmodelle wie mobiles Arbeiten, die Förderung junger Gründer, aber auch das lebenslange Lernen, beispielsweise durch ein Midlife-BAfög sowie eine konsequente Digitalisierung der Bildungswelt.

Zum Papier: https://www.liberale.de/content/fdp-will-ein-echtes-modernisierungspaket-fuer-die-2020er-jahre-schnueren

Zum Video von Johannes Vogel: https://youtu.be/zzblZpW65jM
Zum Video von Harald Christ : https://www.youtube.com/watch?v=vj3W___O0i4
"
2nilhzPDV4E,461,2019-10-02,@FDP,https://www.youtube.com/watch?v=2nilhzPDV4E,"
Herbstprognose: Stärkung der Wettbewerbsfähigkeit muss Priorität haben

----------------------------------------

Die deutsche Wirtschaft muss sich in diesem Jahr auf ein deutlich niedrigeres Wachstum einstellen als gedacht. Führende Wirtschaftsforscher senkten in ihrem Herbstgutachten die Erwartungen. Die Industrie befinde sich bereits in einer Rezession. Bundesfinanzminister Olaf Scholz rüttelt derweil an der Schwarzen Null. Die Freien Demokraten sind alarmiert: ""Wir dürfen hier nicht schon bei den ersten Gewitterwolken am Horizont die Schwarze Null opfern"", mahnt FDP-Generalsekretärin Linda Teuteberg. ""Stattdessen müssen wir mit den bestehenden Einnahmen die richtigen Prioritäten setzen."" Es sei höchste Zeit, dass die Große Koalition gegensteuert, verlangt auch FDP-Präsidiumsmitglied Michael Theurer, zu lange habe die GroKo das Land auf Verschleiß gefahren.
"
NLzAR3bM6jY,92,2022-01-06,@FDP,https://www.youtube.com/watch?v=NLzAR3bM6jY,"
    Investitionen für Niedersachsen | #3K22 #AufInsNeue

    ----------------------------------------

    In Niedersachsen stecken Chancen der Modernisierung. Die Infrastruktur des Landes darf nicht mehr verfallen und dafür muss investiert werden – in die Schulen, in die Hochschulen und in das Gesundheitswesen.

Stefan Birkner, Spitzenkandidat der FDP Niedersachsen, verdeutlicht außerdem: ""Wir wollen die Rahmenbedingungen für Start-ups verbessern, damit sie in Niedersachsen ihre Ideen entwickeln und auch realisieren. Und damit am Ende eine Wertschöpfung schaffen, von denen ganz Niedersachsen profitiert. Mit einer echten Digitalisierung machen wir den Staat bürgerfreundlicher und flexibler. Um all diese Themen geht es bei der Landtagswahl im Oktober diesen Jahres. Auf ins Neue."" #3K22 #AufInsNeue

Mehr dazu: https://fdp-nds.de
Mitgliedwerden: https://mitgliedwerden.fdp.de
_______________________
Abonniere unseren Kanal: http://youtube.com/fdp?sub_confirmation=1
Folge uns auf
Facebook: https://www.facebook.com/fdp
Twitter: https://twitter.com/fdp
Instagram: https://www.instagram.com/fdp
"
uSoo4zEAzEU,66,2020-02-21,@FDP,https://www.youtube.com/watch?v=uSoo4zEAzEU,"
FDP Hamburg: Der Wahlaufruf unserer Kandidaten

----------------------------------------

Warum Du am 23. Februar die Freien Demokraten wählen sollst? Erfahre es hier in diesem Video! Übrigens: Den vielleicht wichtigsten Grund hörst Du erst zum Schluss. 😉
"
xnk9BGrqEIk,49,2020-01-23,@FDP,https://www.youtube.com/watch?v=xnk9BGrqEIk,"
    Hochgeschwindigkeits-Trasse von Warschau bis Madrid | #3K20

    ----------------------------------------

    FDP-Bundesvorsitzender Christian Lindner bei der Dreikönigskundgebung #3K20: ""Liebe Freunde, meine Damen und Herren, bitte denken wir doch mal groß, statt Tempolimit, statt Pick-Up Verbot, statt Drehen an der Preisschraube bei Bahn und beim Flugzeug. Wir haben eine Europäische Union. Wir haben Hunderte Milliarden Euro in den nächsten Jahren reserviert für Investitionen in Projekte, die Europa zusammen bringen sollen. Was würde dem Klima mehr helfen und was würde Europa mehr zusammenbringen als eine neue Hochgeschwindigkeits-Trasse von Warschau über Berlin, Paris bis nach Madrid? Denken wir doch einmal groß in Europa und nicht immer nur klein. Wo ist der Ehrgeiz hin?!""

Hier kannst Du das komplette Video sehen: https://www.youtube.com/watch?v=HVQmbrXNjGs
Hier kannst Du die Rede nachlesen: https://www.liberale.de/content/lindner-rede-bleiben-wir-frei-denken-wir-gross
Mehr zum Dreikönigstreffen 2020: https://www.liberale.de/content/wir-alle-haben-die-chance-es-besser-zu-machen
"
L62NZ0Lk3oY,193,2020-04-14,@FDP,https://www.youtube.com/watch?v=L62NZ0Lk3oY,"
    Klare, nachvollziehbare Öffnungsstrategie | #Corona

    ----------------------------------------

    Zu den Beratungen über eine mögliche Lockerung der Corona-Maßnahmen gab FDP-Generalsekretärin Linda Teuteberg ein Statement.

Wir brauchen eine klare, nachvollziehbare Öffnungsstrategie:

Wir haben jetzt verschiedene wissenschaftliche Gutachten, Empfehlungen vorliegen dafür, wie eine Öffnungsstrategie aussehen könnte, die wir einfordern. Wir brauchen darüber eine breite Debatte, und die wissenschaftlichen Empfehlungen sind eine gute Grundlage dafür.
"
1jcA75gPi_E,33,2020-10-21,@FDP,https://www.youtube.com/watch?v=1jcA75gPi_E,"
    #FreieDemokratenWeil | #Schmitt

    ----------------------------------------

    Für Daniela Schmitt aus Alzey-Worms ist wichtig, dass jeder und jede ganz individuelle Lebensentwürfe und Ziele hat, und dass wir hierfür gute Politik machen.  Angefangen von der Bildung über das Berufsleben bis hin zu ganz alltäglichen Fragen.

Wir sind Freie Demokraten. Unser Antrieb ist die Zukunft. In Freiheit. In Selbstbestimmung. In allen Lebenslagen. Die vor uns liegenden Herausforderungen sind groß. Wir werden sie nicht alleine bewältigen können. Uns interessiert nicht, wo Du herkommst. Sondern wo Du hinwillst. Deine Stimme zählt: Denn Freiheit braucht Verbündete!

Neugierig geworden? Mehr gibt´s unter: https://www.fdp.de/content/freiheit-braucht-verbuendete-jetzt-mitglied-werden

#FreiheitBrauchtVerbündete
"
4EzMejVbXTA,898,2021-05-16,@FDP,https://www.youtube.com/watch?v=4EzMejVbXTA,"
    Best Of Gründer-Talk | #BPT21

    ----------------------------------------

    Neustart Gründergeist - zu diesem Thema diskutierte der Spitzenkandidat der FDP Berlin, Sebastian Czaja, mit Dr. Sophie Chung, Gründerin und geschäftsführende Gesellschafterin der Qunomedical GmbH, und mit dem FDP-Wirtschaftsminister aus NRW, Andreas Pinkwart.

""Im Vergleich mit den USA und China haben wir einen riesigen Vorteil. Den sollten wir ausspielen: Wir haben eine eine sehr stark wissensgetriebene KI. Diese wurde in Deutschland schon sehr lange entwickelt. Wenn man ins Silicon Valley geht, zu Google und anderen, dann wird man sehen: Viele dieser tollen Köpfe dort kommen aus Deutschland"", so Innovationsminister Pinkwart.

_______________________

Abonniere unseren Kanal: http://youtube.com/fdp?sub_confirmation=1
Folge uns auf:
Facebook: https://www.facebook.com/fdp
Twitter: https://twitter.com/fdp
Instagram: https://www.instagram.com/fdp
"
qkaJuVGNkX8,56,2019-01-29,@FDP,https://www.youtube.com/watch?v=qkaJuVGNkX8,"
Best of Europaparteitag

----------------------------------------


"
6lQHvAs7MPA,1513,2019-01-28,@FDP,https://www.youtube.com/watch?v=6lQHvAs7MPA,"
Beer: Europas Chancen Nutzen

----------------------------------------

FDP-Generalsekretärin Nicola Beer zieht als Spitzenkandidatin für ihre Partei in den Europawahlkampf. Die Vertreter beim Europaparteitag gaben ihr am Sonntag in Berlin 85,98 Prozent der Stimmen.  ""Wir wollen Europa so verändern, dass es wieder leuchtet"", sagte Beer in ihrer Rede zur Vorstellung des Leitantrags für das Europaprogramm. Die 49-Jährige griff in ihrer Rede vom Freihandel bis zur Sprachenförderung und mehr Schüleraustausch viele Forderungen aus dem Entwurf für das Europawahlprogramm auf, das am Sonntag ebenfalls beschlossen wird. In ihrer kurzen Bewerbungsrede wurde die Juristin persönlich: ""Ich bin mehr das mittelalteKaliber, dafür aber schlacht- und aufbauerfahren.""
"
sPQtHa3JhHI,71,2021-09-20,@FDP,https://www.youtube.com/watch?v=sPQtHa3JhHI,"
    Bildung ist für uns die wichtigste Aufgabe | #Lindner

    ----------------------------------------

    Wir finden: Die wichtigste soziale und gesellschaftspolitische Aufgabe ist es, dafür zu sorgen, dass nicht mehr der Zufall der Geburt, sondern Fleiß, Talent, Risikobereitschaft und freie Lebensentscheidungen darüber bestimmen, welchen Platz im Leben Du einnimmst.

#Lindner #BPT21 #BTW21 #FDP #VielZuTun

Zum Wahlprogramm: www.fdp.de/vielzutun
Mitglied werden: fdp.de/mitgliedwerden
_______________________
Folge uns auf
Facebook: https://www.facebook.com/fdp
Twitter: https://twitter.com/fdp
Instagram: https://www.instagram.com/fdp
"
qW05EAK3rQk,102,2023-04-25,@FDP,https://www.youtube.com/watch?v=qW05EAK3rQk,"
    Mit Aktien für eine zukunftsfeste Rente | Christian Lindner #bpt23

    ----------------------------------------

    Mit der #Aktienrente wollen wir die #Rente zukunftsfest und fair für alle Generationen machen. Die Alterung unserer Gesellschaft führt zu einem immer größeren Ungleichgewicht zwischen Rentnern und denen, die Beiträge und Steuern zahlen. Um Beitrags- und Steuerzahler zu entlasten, bauen wir ein #Generationenkapital auf und legen es in Aktien an. Die Erträge sollen perspektivisch in die Renten einfließen. Schweden macht es vor.

In diesem Jahr haben wir erstmalig 10 Milliarden Euro in das Generationenkapital eingezahlt. Warum das nicht ausreicht, wie viel der Staat jährlich investieren müsste und warum wir uns in der Regierung stark machen, genau das durchzusetzen? Schaut’s Euch an im Video mit @c_lindner .

#bpt23 #MachenWasWichtigWird

Mehr Infos zum Parteitag: https://www.fdp.de/bpt-2023
Mitgliedwerden: https://mitgliedwerden.fdp.de

_______________________
Abonniere unseren Kanal: http://youtube.com/fdp?sub_confirmation=1

Folge uns auf
Facebook: https://www.facebook.com/fdp
Twitter: https://twitter.com/fdp
Instagram: https://www.instagram.com/fdp
LinkedIn: https://de.linkedin.com/company/freiedemokraten
"
LC31HfDvAaY,2711,2023-02-16,@FDP,https://www.youtube.com/watch?v=LC31HfDvAaY,"
    #6 CL+ Wolfgang Ischinger

    ----------------------------------------

    Er gilt als einer der führenden deutschen Diplomaten der vergangenen Jahrzehnte, war deutscher Botschafter in Washington und London und danach 14 Jahre Chef der Münchner Sicherheitskonferenz. Über Lehren aus der Vergangenheit für die deutsche Sicherheitspolitik, fehlgeleitete russische Narrative und das politische Spannungsfeld im Umgang mit China spricht @c_lindner in #6 CL+ mit Wolfgang Ischinger.

Die Aufnahme erfolgte am 19.12.2022.

Mehr Infos findet ihr auf: https://www.fdp.de/cl-der-podcast-mit-christian-lindner
_______________________________
Abonniere unseren Kanal: http://youtube.com/fdp?sub_confirmation=1
Folge uns auf
Facebook: https://www.facebook.com/fdp
Twitter: https://twitter.com/fdp
Instagram: https://www.instagram.com/fdp
LinkedIn: https://www.linkedin.com/company/freiedemokraten
"
_dF79J8qveE,371,2020-03-09,@FDP,https://www.youtube.com/watch?v=_dF79J8qveE,"
    #Corona und #EU-#Außengrenzen

    ----------------------------------------

    FDP-Generalsekretärin Linda Teuteberg zu den Entscheidungen des Koalitionsausschusses und der Lage an der türkisch-griechischen Grenze.

Die Koalition versucht offenbar angesichts der durch Corona drohenden wirtschaftlichen Lage einen schlimmen Infekt statt mit einem breitenwirksamen Antibiotikum mit homöopathischen Dosen eines Beruhigungsmittels zu bekämpfen.

Für unsere Unternehmen brauchen wir schnelle, unbürokratische Liquiditätshilfen und einen entschlossenen Wachstumspakt.

Und wir müssen zweierlei deutlich machen: Zum einen unbedingt, sich nicht von Erdogan erpressen zu lassen. [...] Sobald die Türkei ihr aggressives Verhalten an der Grenze einstellt, kann auch – zweitens – über zusätzliche und weitere humanitäre Unterstützung für die Türkei verhandelt werden. Und gleichzeitig muss bei einer solchen Initiative auch über die Zukunft Syriens gesprochen werden.
"
xPCq5btyHkc,1212,2021-09-19,@FDP,https://www.youtube.com/watch?v=xPCq5btyHkc,"
    Nichts geht ohne die Freien Demokraten | #Beer

    ----------------------------------------

    ""Wir kämpfen gemeinsam für den Hattrick! Dreimal so stark zu werden, dass ohne Freie Demokraten nichts geht. Im Bund, in Berlin und in Schwerin"", sagt Nicola Beer, stellvertretende Bundesvorsitzende der Freien Demokraten, beim Parteitag #BPT21.

Nie gab es mehr zu tun.

Zum Wahlprogramm: www.fdp.de/vielzutun
Mitglied werden: fdp.de/mitgliedwerden
_______________________
Folge uns auf
Facebook: https://www.facebook.com/fdp
Twitter: https://twitter.com/fdp
Instagram: https://www.instagram.com/fdp
"
uoCbTg_1bbQ,15,2021-08-13,@FDP,https://www.youtube.com/watch?v=uoCbTg_1bbQ,"
    Aus Liebe zur Freiheit | Jetzt Mitglied werden

    ----------------------------------------

    Freiheit ist nicht bloß ein Wort. Freiheit ist ein Lebensgefühl. Freiheit ist der zentrale Ausgangspunkt und Wert unserer Demokratie. Wir Freie Demokraten haben es uns zur Aufgabe gemacht, den politischen Freiheitsbegriff mit Leben zu erfüllen.

Wir setzen auf Freiheit, Rechtsstaat und Bürgerrechte, die auch in Krisenzeiten gelten und nicht als „Privilegien“ abgetan werden dürfen, die uns nach Belieben zugeteilt oder vorenthalten werden können. Freiheit ist kein Angebot an einige, Freiheit ist ein Angebot an alle.

Treten wir gemeinsam dafür ein, denn Freiheit verdient mehr Follower. Werde jetzt Mitglied: fdp.de/mitgliedwerden

#BTW21 #vielzutun
Zum Wahlprogramm: www.fdp.de/vielzutun
Mitgliedwerden: fdp.de/mitgliedwerden
_______________________
Abonniere unseren Kanal: http://youtube.com/fdp?sub_confirmation=1
Folge uns auf
Facebook: https://www.facebook.com/fdp
Twitter: https://twitter.com/fdp
Instagram: https://www.instagram.com/fdp
"
xoWrkMI4aUI,413,2019-04-27,@FDP,https://www.youtube.com/watch?v=xoWrkMI4aUI,"
Vorstellungsrede Nicola Beer

----------------------------------------

Vorstellungsrede Nicola Beer auf dem #BPT19
"
82ND1wHDAg8,8,2019-10-03,@FDP,https://www.youtube.com/watch?v=82ND1wHDAg8,"
Tag Der Deutschen Einheit

----------------------------------------

#HeuteVor29Jahren: Der 3. Oktober 1990. Mauern, Zäune, Grenzen. H.-D. Genscher wollte sie immer öffnen. Die Erfolge bleiben im Gedächtnis. Die Rückschläge nicht. Aber es gab sie. Denn nicht jeder erste Schritt führte direkt zum Erfolg. Aber jeder erste Schritt war wichtig. Und Genscher war oft derjenige, der ihn wagte. #Rückblick #HDG #TagderDeutschenEinheit
"
s3hAHAipvSY,56,2020-09-08,@FDP,https://www.youtube.com/watch?v=s3hAHAipvSY,"
    Bildungsgarantie | Joachim Stamp

    ----------------------------------------

    Joachim Stamp, stellvertretender Ministerpräsident des Landes Nordrhein-Westfalen und Minister für Kinder, Familie, Flüchtlinge und Integration, setzt sich für eine Garantie auf Bildung ein. Denn jeder Tag frühkindlicher und schulischer Bildung bringt Lebenschancen für unsere Kinder. Für die Freien Demokraten steht daher fest: Auch in Zeiten der Pandemie darf das Bürgerrecht auf Bildung für unsere Kinder nicht einen Tag länger als notwendig eingeschränkt werden.



Erfahrungen aus den ersten Monaten der Pandemie zeigen, dass keine KiTa und keine Schule sich zu einem Corona-Hotspot entwickelt hat. Darum darf es nicht mehr zu flächendeckenden Schließungen kommen, auch wenn es im Herbst oder Winter zu steigendem Infektionsgeschehen in Deutschland kommt. Die Lehre der letzten Monate ist, dass bei Infektionen lokale Maßnahmen greifen.

Wir Freie Demokraten fordern auch alle anderen Bundesländer und den Bund auf, Kindern und Eltern eine entsprechende Garantie zu geben. Wir erwarten, dass dies zum Thema der nächsten Beratungen zwischen Bundeskanzlerin und Ministerpräsidenten wird.

Mehr zum Thema Bildung findest Du hier: https://www.fdp.de/thema/bildung
"
pUiug0PrDNs,253,2019-11-25,@FDP,https://www.youtube.com/watch?v=pUiug0PrDNs,"
    Pressekonferenz mit Linda Teuteberg

    ----------------------------------------

    Pressekonferenz mit Linda Teuteberg im Anschluss an die Bundesvorstandssitzung.

#Pressekonferenz #PK #Bundesvorstand
"
Ljcyh01dKYU,3832,2020-06-02,@FDP,https://www.youtube.com/watch?v=Ljcyh01dKYU,"
    #Webtalk Journalismus, Debattenkultur und Verschwörungserzählungen in Zeiten von Corona

    ----------------------------------------

    Trotz #Corona wollen wir mit Euch digital im Austausch bleiben: Mit unserem neuen Format „Mut@FDP – Konzepte in Krisenzeiten“ wollen wir die nächsten Tage und Wochen nutzen, um mit Euch und spannenden Gästen aktuelle Themen zu diskutieren, neue Denkanstöße liefern und natürlich Mut machen.

In der aktuellen Folge von Mut@FDP diskutiert unsere Gerneralsekretärin Linda Teuteberg mit dem Chefredakteur des Cicero-Magazins, Christoph Schwennicke, zum Thema: ""Journalismus, Debattenkultur und Verschwörungserzählungen in Zeiten von Corona"".
"
89B7LsQ1kxA,1363,2022-01-06,@FDP,https://www.youtube.com/watch?v=89B7LsQ1kxA,"
    Umweltschutz durch technischen Fortschritt | #Rülke #3K22

    ----------------------------------------

    Auch die Freien Demokraten wollen den Ausstieg aus dem Verbrennungsmotor – der mit fossilen Kraftstoffen betrieben wird. ""Nicht der Verbrennungsmotor an sich ist das Problem. Wir müssen ihn umweltfreundlich machen, wenn wir es ernst meinen mit dem Klimaschutz und beispielsweise die Bestandsflotte mit synthetischen Kraftstoffen umweltfreundlich machen"", so Hans-Ulrich Rülke, Fraktionsvorsitzender der FDP Baden-Württemberg.

Mehr dazu: https://www.fdpbw.de/
Mitgliedwerden: https://mitgliedwerden.fdp.de
_______________________
Abonniere unseren Kanal: http://youtube.com/fdp?sub_confirmation=1
Folge uns auf
Facebook: https://www.facebook.com/fdp
Twitter: https://twitter.com/fdp
Instagram: https://www.instagram.com/fdp
LinkedIn: https://de.linkedin.com/company/freiedemokraten
"
KlKjW1OTWZA,610,2020-02-07,@FDP,https://www.youtube.com/watch?v=KlKjW1OTWZA,"
    Es war ein Fehler | #Thüringen

    ----------------------------------------

    FDP-Bundesvorsitzende Christian Lindner: ""Ich danke dem Bundesvorstand der Freien Demokraten für sein Vertrauen und das starke Ergebnis. Wir hatten eine intensive, offene Debatte und haben uns über unseren Kurs verständigt und unseren Wertekompass bestätigt. #Thüringen war ein Ernstfall. Wir haben Zweifel an der Grundhaltung der FDP ausgelöst. Das bedauern wir zutiefst.  Die #AfD ist eine Partei, die ein völkisches Gedankengut hat. Die FDP setzt dagegen auf Toleranz und Weltoffenheit, wir sind eine Partei der politischen Mitte. Diese Grenze haben wir immer gezogen.
Deswegen war es ein Fehler, im Thüringer Landtag im 3. Wahlgang anzutreten und die Wahl dann auch noch anzunehmen. Da ist auch mir eine Fehleinschätzung unterlaufen. Es gibt offenbar eine neue konstruktiv-destruktive Strategie der AfD, nur zum Schein eigene Kandidaten aufzustellen, um dann komplett anders abzustimmen. Damit haben wir nicht gerechnet, und diese Fehleinschätzung darf und wird sich nicht wiederholen.""
"
FKAAsvyEur4,40,2022-04-25,@FDP,https://www.youtube.com/watch?v=FKAAsvyEur4,"
    Zuversicht trotz Krieg und Krisen | #BPT22

    ----------------------------------------

    Die Zeiten ändern wir.  Das ist unsere Grundüberzeugung. Denn auch in unsicheren, herausfordernden Zeiten, wie wir sie gerade angesichts von #Corona-Pandemie und Russlands Angriffskrieg auf die Ukraine erleben, kann Gutes bewirkt werden – beim entsprechenden politischen Willen und bei guten Ideen.

Neue Quellen des Wohlstands, neue Formen der internationalen Zusammenarbeit, bei der Wertepartner auch stärker Handelspartner sind, ein klares Bekenntnis zu Frieden, Freiheit und Menschenrechten weltweit – wenn das am Ende aus dieser schrecklichen Phase von Pandemie und Krieg übrigbleibt, dann werden wir eine zivilisatorische Entwicklung gemacht haben. Dann bildet sich eine neue Wirtschafts-, Gesellschafts- und auch teilweise eine neue Weltordnung aus. Das ist ein Ziel, für das es sich zu arbeiten lohnt. Jeden Tag von heute an weiter, so @c_lindner.

#DieZeitenÄndernWir #BPT22

Mehr Infos zum Parteitag: https://www.fdp.de/bpt2022
Mitgliedwerden: https://mitgliedwerden.fdp.de
_______________________
Abonniere unseren Kanal: http://youtube.com/fdp?sub_confirmation=1
Folge uns auf
Facebook: https://www.facebook.com/fdp
Twitter: https://twitter.com/fdp
Instagram: https://www.instagram.com/fdp
"
J9JLPkuoj5U,859,2020-09-22,@FDP,https://www.youtube.com/watch?v=J9JLPkuoj5U,"
    Zukunft heißt investieren nicht konservieren | #BPT #Beer

    ----------------------------------------

    ""Angst schafft keinen Aufbruch. Und Mission Aufbruch, das ist es, worum es in unserem Land geht. Wir Freie Demokraten aus Ost und West haben dagegen den Mut und den Willen für Reformen auf der Basis von Freiheit, Verantwortung und fairen Regeln. Denn Zukunft heißt Investieren nicht konservieren"", so eröffnet Nicola Beer, stellvertretende Bundesvorsitzende und Vize-Präsidentin des EU-Parlaments den Bundesparteitag 2020 in Berlin.  Mit der deutschen EU-Ratspräsidentschaft geht sie hart ins Gericht und fragt nich tnur einmal nach ""Wo ist die deutsche Ratspräsidentschaft?""

#BPT20 #Aufbruch #MissionAufbruch

Mehr dazu:
Zusammenfassung des Bundesparteitags: www.bundesparteitag.de
Alles Rund um den Parteitag: www.fdp.de/content/bundesparteitag-2020-1
"
8rixJDwVrlo,508,2021-05-14,@FDP,https://www.youtube.com/watch?v=8rixJDwVrlo,"
    Johannes Vogel – Vorstellung | #BPT21

    ----------------------------------------

    Vorstellungsrede von Johannes Vogel als stv. Bundesvorsitzenden der FDP.


Zum Wahlprogramm: www.fdp.de/vielzutun
Mitgliedwerden: fdp.de/mitgliedwerden
_______________________

Abonniere unseren Kanal: http://youtube.com/fdp?sub_confirmation=1
Folge uns auf
Facebook: https://www.facebook.com/fdp
Twitter: https://twitter.com/fdp
Instagram: https://www.instagram.com/fdp
"
l8s9srcEi7o,271,2020-06-15,@FDP,https://www.youtube.com/watch?v=l8s9srcEi7o,"
    Wir müssen das Land wieder auf einen Wachstumspfad bringen

    ----------------------------------------

    Wir brauchen echte Impulse für das Vertrauen in die wirtschaftliche Entwicklung. Damit Menschen bereit sind, zu konsumieren und zu investieren. Deswegen fordern wir:
• die Abflachung des Mittelstandsbauchs bei der Einkommensteuer
• die Abschaffung des Solis für alle - rückwirkend zum 1. Januar
• bessere Abschreibungsbedingungen für unsere Unternehmen.
""Und deshalb wollen wir einen starken Impuls setzen, um unser Land wieder auf einen Wachstumspfad zu bringen"", so FDP-Generalsekretärin Linda Teuteberg in ihrem aktuellen Statement zur konjunkturellen Entwicklung, zur epidemischen Notlage und zum Beschluss des FDP-Bundesvorstandes zu den Erwartungen an die deutsche EU-Ratspräsidentschaft.
"
BgaZiBlTmKE,1057,2023-04-22,@FDP,https://www.youtube.com/watch?v=BgaZiBlTmKE,"
    Zukunft der Sicherheitspolitik ist europäisch | Marie-Agnes Strack-Zimmermann #bpt23

    ----------------------------------------

    Die Freien Demokraten stehen in fester Verbundenheit an der Seite der Ukrainerinnen und Ukrainer. Die Ukraine verdient mehr denn je eine starke und demokratische Zukunft, und wir müssen alles tun, um sie dabei zu unterstützen. Auch im Taiwan-Konflikt stehen wir klar auf der Seite von Demokratie und Menschenrechten.

Die aktuellen internationalen Konflikte machen deutlich: Die Zukunft der Sicherheitspolitik ist europäisch. Wir setzen uns für ein starkes Europa ein, das auf den Grundwerten der Freiheit, der Demokratie und des Rechts basiert und nicht einfach das Recht des Stärkeren toleriert.

#bpt23 #MachenWasWichtigIst

Mehr Infos zum Parteitag: https://www.fdp.de/bpt-2023
Mitgliedwerden: https://mitgliedwerden.fdp.de
_______________________
Abonniere unseren Kanal: http://youtube.com/fdp?sub_confirmation=1
Folge uns auf
Facebook: https://www.facebook.com/fdp
Twitter: https://twitter.com/fdp
Instagram: https://www.instagram.com/fdp
LinkedIn: https://de.linkedin.com/company/freiedemokraten
"
Ie6tihXg7A4,376,2019-12-16,@FDP,https://www.youtube.com/watch?v=Ie6tihXg7A4,"
    Mehr vom Falschen wird der SPD nicht helfen und würde Deutschland schaden

    ----------------------------------------

    Statement der FDP-Generalsekretärin Linda Teuteberg zu den Entwicklungen in der Großen Koalition und dem Zustand der deutschen Außenpolitik.

#GroKo #SPDVorstand #SPDParteitag #SPDBPT19
"
--R5H52cPuM,3057,2023-06-29,@FDP,https://www.youtube.com/watch?v=--R5H52cPuM,"
    #8 CL+ Claudia Nemat

    ----------------------------------------

    Als Vorstandsmitglied für Technologie und Innovation der Deutschen Telekom AG kann sie wie kaum eine zweite die technologischen Fortschritte unserer Zeit und die Wettbewerbsfähigkeit des Technologiestandorts Deutschland einordnen. Zudem beschäftigt sie sich intensiv mit den gesellschaftlichen Auswirkungen disruptiver Entwicklungen in der Telekommunikation und der Künstlichen Intelligenz. Unter anderem über die Zukunft der Arbeit, die Frage, weshalb sich die deutsche Spitzenrolle in der KI-Grundlagenforschung nicht auf eine Vielzahl erfolgreicher Geschäftsmodelle überträgt und Faktoren, die bei der erfolgreichen Zusammenstellung von Teams bedeutsam sind, spricht Christian Lindner in #8 CL+ mit Claudia Nemat.
_____________________

Abonniere unseren Kanal: http://youtube.com/fdp
Folge uns auf
Facebook: https://www.facebook.com/fdp
Twitter: https://twitter.com/fdp
Instagram: https://www.instagram.com/fdp
LinkedIn: https://www.linkedin.com/company/freiedemokraten
"
0NEMuSApbmY,52,2020-08-20,@FDP,https://www.youtube.com/watch?v=0NEMuSApbmY,"
    Klimaschutz durch Innovation | #Programmkonvent

    ----------------------------------------

    Der Klimawandel ist eine der größten Herausforderungen unserer Zeit. In diesem Programmforum haben wir eine Vision 2030 für innovativen Klimaschutz und moderne Landwirtschaft entwickelt: Wie gelingt ein sektorübergreifender Emissionshandel zur Erreichung unserer Klimaziele? Welche Chancen bieten neue Technologien? Wie lassen sich die Bekämpfung des Klimawandels und eine wettbewerbsfähige Landwirtschaft vereinbaren?

Die Ergebnisse fasst Dr. Lukas Köhler MdB, Generalsekretär der FDP Bayern, Klimapolitischer Sprecher der FDP-Bundestagsfraktion und Mitglied der Programmkommission in diesem Video zusammen.
"
PrVwiJ37qBU,3061,2021-04-13,@FDP,https://www.youtube.com/watch?v=PrVwiJ37qBU,"
    Vorstellung des Wahlprogramms | #Lindner #Wissing #VielZuTun

    ----------------------------------------

    ""Nie gab es mehr zu tun."" ist der Name unseres neuen Wahlprogramms, das FDP-Chef Christian Lindner und FDP-Generalsekretär Volker Wissing heute den Medien vorgestellt haben.💪🚀 Reinklicken💻, anschauen.📺

#NieGabEsMehrZuTun #VielZuTun
"
ANLy8qmFIHs,2747,2023-05-12,@FDP,https://www.youtube.com/watch?v=ANLy8qmFIHs,"
    #7 CL+ Annabel Oelmann

    ----------------------------------------

    Unser Podcast-Gast diesmal: Dr. Annabel Oelmann. Als Leiterin der Bremer Verbraucherzentrale weiß sie wie kaum eine Zweite um die Lebensrealitäten vieler Menschen im Land. Ob die erste eigene Wohnung, abzuschließende Verträge, oder Haushaltsfragen – ihr Themenspektrum ist breit.

Finanzielle Bildung, die gegenwärtigen finanziellen Herausforderungen vieler Menschen und die Bedeutung einer klaren politischen Kommunikation – darüber sprechen CL und Annabel Oelmann in der siebten Folge von CL+. 🙌

🎧 Die ganze Folge CL+ findet Ihr auf allen #Podcast-Plattformen, hier auf unserem Youtube-Kanal und auf https://www.fdp.de/cl-der-podcast-mit-christian-lindner.

_______________________________
Abonniere unseren Kanal: http://youtube.com/fdp?sub_confirmation=1
Folge uns auf
Facebook: https://www.facebook.com/fdp
Twitter: https://twitter.com/fdp
Instagram: https://www.instagram.com/fdp
LinkedIn: https://www.linkedin.com/company/freiedemokraten
"
4jk_Be4RlKo,4385,2020-09-25,@FDP,https://www.youtube.com/watch?v=4jk_Be4RlKo,"
    Christian Lindner Rede am Bundesparteitag | #BPT20 #Lindner

    ----------------------------------------

    Die Bundestagswahl in einem Jahr wird eine Richtungswahl: Solidität oder Schulden, Freiheit oder Fesselung des Landes, soziale Marktwirtschaft oder Planwirtschaft. Davon ist Christian Lindner überzeugt. Der FDP-Chef bekräftigte den Willen der Liberalen, nach der Bundestagswahl Regierungsverantwortung im Bund zu übernehmen. Er will, dass nächstes Jahr die Freien Demokraten wieder zu einer Regierungsbildung im Bund benötigt werden. Unter dem Motto ""Mission Aufbruch"" erinnerte er daran, ""was unser Land stark gemacht hat. Die Zeit des Wirtschaftswunders war eine Zeit der Tatkraft und der Offenheit für Veränderung. Genau das braucht unser Land heute wieder.""

#BPT20 #Aufbruch #MissionAufbruch



Mehr dazu:
Zusammenfassung des Bundesparteitags: www.bundesparteitag.de
Alles Rund um den Parteitag: www.fdp.de/content/bundesparteitag-2020-1
"
pdlIAFuKRQI,421,2020-02-14,@FDP,https://www.youtube.com/watch?v=pdlIAFuKRQI,"
    Zur Wahl des Ministerpräsidenten in #Thüringen.

    ----------------------------------------

    Der FDP-Bundesvorsitzende Christian Lindner im Bundestag zu den Auswirkungen der Wahl des Ministerpräsidenten in Thüringen.

""Wir sind nicht Ihr Steigbügelhalter zur Macht, Herr Gauland! Die AfD war nie, ist nicht und wird nie Teil eines bürgerlichen Lagers sein!""

""Wir haben uns in Thüringen binnen 24 Std. unserer Verantwortung gestellt und Konsequenzen gezogen. Wer die FDP jetzt aber einfach in einen Topf mit der AFD wirft, der verharmlost die wahren Feinde unserer Verfassung und spaltet das Land!""

""Wir sind beschämt, weil wir der AfD ermöglicht haben, uns und die parlamentarische Demokratie zu verhöhnen. Dafür entschuldige ich mich namens der FDP. Wir werden eine Arbeitsgruppe einsetzen, um Geschehnisse aufzuarbeiten und damit sich das nicht wiederholt!""

Quelle: Bundestag.de
"
0B3OwrwWlkY,261,2020-05-19,@FDP,https://www.youtube.com/watch?v=0B3OwrwWlkY,"
    Mehr Freiheit durch mehr Chancen: Unser Leitbild-Update

    ----------------------------------------

    Mehr Chancen durch mehr Freiheit. Das steht im Zentrum unseres Leitbildes. Das ist das Versprechen der Freien Demokraten an die Menschen. Und das ist zugleich der Anspruch an unsere eigene Arbeit.

Fünf Jahre nach unserem Leitbild-Prozess haben wir jetzt ein Update beschlossen: Lust auf Fortschritt, Liebe zur Freiheit, faire Spielregeln -  das gilt weiterhin. Noch stärker im Fokus steht jetzt Verantwortung für die Zukunft: Nachhaltigkeit durch Innovation und zwar ökonomisch wie ökologisch.

„Der Leitbildprozess ist noch nicht abgeschlossen. Er steht am Beginn. Wir wollen mit Ihnen darüber sprechen und diskutieren. Und auf dieser Basis die nächsten Jahre planen. Deshalb lade ich Sie sehr herzlich ein: Beteiligen Sie sich daran, dieses Leitbild nun mit Leben, im politischen Alltag mit Substanz zu füllen – in der weiteren programmatischen Entwicklung unserer Partei“, so FDP-Chef Christian Lindner.

Mehr zu unserem Leitbild: https://www.fdp.de/leitbildupdate
"
YWSaVrgGuYQ,289,2022-04-23,@FDP,https://www.youtube.com/watch?v=YWSaVrgGuYQ,"
    Leistung und Fleiß müssen den Unterschied machen | #BPT22

    ----------------------------------------

    Fleiß und Leistung sollen die deutsche Bildungspolitik bestimmen. Zumindest wenn es nach Franziska Brandmann, Bundesvorsitzende der Jungen Liberalen geht. Sie will eine konstruktiv-kritische Stimme der Julis im FDP-Bundesvorstand vertreten und sich für Frauen in der Partei stark machen. Immerhin ist sie erst die dritte weibliche Vorsitzende ihrer Jugendorganisation. Da geht noch was, findet Franzi in ihrer Vorstellungsrede als Besitzerin im Bundesvorstand. #BPT22 #DieZeitenÄndernWir

Mehr Infos: https://www.fdp.de/bpt2022
Mitglied werden: https://mitgliedwerden.fdp.de
_______________________
Abonniere unseren Kanal: http://youtube.com/fdp?sub_confirmation=1
Folge uns auf
Facebook: https://www.facebook.com/fdp
Twitter: https://twitter.com/fdp
Instagram: https://www.instagram.com/fdp
"
xGRwwlUj_0w,565,2021-12-05,@FDP,https://www.youtube.com/watch?v=xGRwwlUj_0w,"
    Für mehr Chancengerechtigkeit | #Vogel #BPT21

    ----------------------------------------

    „Wenn ich darüber nachdenke, wo mein Herz hüpft, wenn ich über den Koalitionsvertrag nachher abstimme, sind es die vielen Schritte für mehr Chancengerechtigkeit, von deutschlandweiten Talentschulen bis zur Sozialpolitik“, eröffnet unser stellvertretende Bundesvorsitzende Johannes Vogel den außerordentlichen Bundesparteitag zum Koalitionsvertrag. #FangenWirAn #BPT21

Zum Koalitionsvertrag: www.fdp.de/Koalitionsvertrag
Mitgliedwerden: fdp.de/mitgliedwerden
_______________________
Abonniere unseren Kanal: http://youtube.com/fdp?sub_confirmation=1
Folge uns auf
Facebook: https://www.facebook.com/fdp
Twitter: https://twitter.com/fdp
Instagram: https://www.instagram.com/fdp
"
xYsX2OgznBk,101,2023-10-21,@FDP,https://www.youtube.com/watch?v=xYsX2OgznBk,"
    Bijan Djir-Sarai und Christoph Heusgen über Deutschlands Außenpolitik | #3 freigespraech

    ----------------------------------------

    „Deutschland darf in der Außenpolitik seine Werte nicht vergessen. Wenn wir nicht für unsere Werte eintreten, dann werden uns Autokraten nicht ernst nehmen.“ Deshalb brauchen wir in Deutschland eine werteorientierte und interessengeleitete Außenpolitik - nicht zu verwechseln mit einer moralisierenden #Außenpolitik.

Warum es in Deutschland an einer außen- und sicherheitspolitischen Diskussionskultur mangelt und weshalb es in der deutschen Politik völlig in Ordnung ist, als Exportnation eigene Interessen zu vertreten, hat Bijan Djir-Sarai mit seinem Podcastgast Christoph Heusgen von der Münchener Sicherheitskonferenz in der neuen Folge #freigespraech diskutiert.

Die ganze Folge freigespraech findet Ihr auf Spotify, Apple Podcasts, unserem YouTube-Account und auf fdp.de/freigespraech. Wir freuen uns über Euer Feedback.

_______________________________
Abonniere unseren Kanal: http://youtube.com/fdp?sub_confirmation=1

Folge uns auf
Facebook: https://www.facebook.com/fdp
Twitter: https://twitter.com/fdp
Instagram: https://www.instagram.com/fdp
LinkedIn: https://www.linkedin.com/company/freiedemokraten
"
hlqMFjRM8DY,1139,2020-09-20,@FDP,https://www.youtube.com/watch?v=hlqMFjRM8DY,"
    Wir brauchen eine Umkehr in der Wirtschaftspolitik! |#BPT20 #Wissing

    ----------------------------------------

    Der rheinland-pfälzische Wirtschaftsminister Volker Wissing ist neuer FDP-Generalsekretär. Der Parteitag in Berlin wählte ihn am Samstag mit 528 der 638 abgegebenen gültigen Stimmen. In seiner Bewerbungsrede attackierte er die aktuelle Regierungspolitik, fordert das Ende der Rettungspolitik und erklärte, warum die Freien Demokraten den Unterschied machen. Seine Rede war ein starkes Bekenntnis zur Sozialen Marktwirtschaft als Baustein für ein sozialgerechtes, selbstbestimmtes, freies und vielfältiges Leben mit unendlichen Möglichkeiten: ""Es ist die Kraft der Vielen, die unsere Stärke ausmacht, nicht ein Einheitskonzept des Staates.""

#BPT20 #Aufbruch #MissionAufbruch

Mehr dazu:
Zusammenfassung des Bundesparteitags: www.bundesparteitag.de
Alles Rund um den Parteitag: www.fdp.de/content/bundesparteitag-2020-1
"
0TSFpbXiOOQ,186,2022-01-06,@FDP,https://www.youtube.com/watch?v=0TSFpbXiOOQ,"
    Innovationsdynamik für Schleswig-Holstein  | #3K22 #AufInsNeue

    ----------------------------------------

    Schleswig-Holstein ist bisher gut durch die Pandemie gekommen. Und das haben die Menschen aus dem Norden unter anderem einem liberalen Gesundheits- und Sozialminister zu verdanken.

Um was es der FDP Schleswig Holstein jetzt geht? Zeigen, was das Land jetzt braucht. Unter anderem mehr Innovationsdynamik. „Wir brauchen weiter Druck auf dem Infrastrukturausbau. Wir brauchen eine Exzellenzinitiative in der Bildung, nicht nur in der Allgemeinbildung, sondern vor allem in der beruflichen Bildung. Und wir brauchen die Modernisierung und Digitalisierung der öffentlichen Verwaltung"", so der Spitzenkandidat der FDP Schleswig-Holstein, Bernd Buchholz. #3K22 #AufInsNeue

Mehr zur FDP Schleswig-Holstein: https://www.fdp-sh.de
Mitgliedwerden: https://mitgliedwerden.fdp.de
_______________________
Abonniere unseren Kanal: http://youtube.com/fdp?sub_confirmation=1
Folge uns auf
Facebook: https://www.facebook.com/fdp
Twitter: https://twitter.com/fdp
Instagram: https://www.instagram.com/fdp
"
64yDbUZHqA0,4310,2019-01-07,@FDP,https://www.youtube.com/watch?v=64yDbUZHqA0,"
    Rede Lindner #3K19

    ----------------------------------------

    Rede von Christian Lindner beim Dreikönigstreffen der Freien Demokraten 2019
Die Rede zum Nachlesen: https://www.liberale.de/content/lindner-rede-jetzt-bieten-sich-neue-chancen
Mehr zum Dreikönigstreffen 2019 #3K19: https://www.liberale.de/content/chancen-nutzen
"
m381AAb95oU,1714,2019-01-07,@FDP,https://www.youtube.com/watch?v=m381AAb95oU,"
Rede Beer #3K19

----------------------------------------

Rede von Michael Theurer beim Dreikönigstreffen der Freien Demokraten 2019
"
J0gWYSpOhzQ,62,2019-05-03,@FDP,https://www.youtube.com/watch?v=J0gWYSpOhzQ,"
Vorstellungsvideo Roland König

----------------------------------------

Unser Kandidat zur Europawahl Roland Koenig: ""Europa bedeutet Freiheit und Austausch. Ich setze mich deshalb für mehr Bildungsfreizügigkeit und grenzüberschreitenden öffentlichen Nahverkehr ein.""
"
-IvNVORpfyA,35,2021-01-26,@FDP,https://www.youtube.com/watch?v=-IvNVORpfyA,"
    #nextGeneration | #KonstantinKuhle

    ----------------------------------------

    Konstantin ist Respekt für Leistung, Vielfalt und Privatsphäre wichtig.

Wir sind Freie Demokraten. Unser Antrieb ist die Zukunft. In Freiheit. In Selbstbestimmung. In allen Lebenslagen. Die vor uns liegenden Herausforderungen sind groß, Deutschland steht vor weitreichenden Entscheidungen. Umso wichtiger ist es jetzt für jede und jeden von uns, aktiv zu werden und sich einzubringen. Bist auch Du dabei?

Mehr gibt’s unter: https://www.fdp.de/content/nextgenerationfdp

_______________________
Abonniere unseren Kanal: http://youtube.com/fdp?sub_confirmation=1
Folge uns auf
Facebook: https://www.facebook.com/fdp
Twitter: https://twitter.com/fdp
Instagram: https://www.instagram.com/fdp
LinkedIn: https://de.linkedin.com/company/freiedemokraten
"
O3NrsLwPcpg,1058,2023-04-22,@FDP,https://www.youtube.com/watch?v=O3NrsLwPcpg,"
    Anwalt der Mitte | Bijan Djir-Sarai #bpt23

    ----------------------------------------

    Die Freien Demokraten sind der politische Anwalt der Mitte. Denn die Mitte hält das Land am Laufen und schafft sozialen Zusammenhalt. Es darf nicht sein, dass sie vor allem als Einnahmequelle für Verteilungsfantasien der Politik gesehen wird.

Denn der Staat hat kein Einnahmenproblem, er hat ein Problem damit, das Geld der Menschen zielgerichtet einzusetzen. Mit den Freien Demokraten wird es im Hochsteuerland Deutschland keine höheren Steuern geben. Der Staat muss wieder lernen, mit dem auszukommen, was zuvor eingenommen wurde.

#bpt23 #MachenWasWichtigWird

Mehr Infos zum Parteitag: https://www.fdp.de/bpt-2023
Mitgliedwerden: https://mitgliedwerden.fdp.de
_______________________
Abonniere unseren Kanal: http://youtube.com/fdp?sub_confirmation=1
Folge uns auf
Facebook: https://www.facebook.com/fdp
Twitter: https://twitter.com/fdp
Instagram: https://www.instagram.com/fdp
LinkedIn: https://de.linkedin.com/company/freiedemokraten
"
7Qu0PAxwR64,1592,2018-05-12,@FDP,https://www.youtube.com/watch?v=7Qu0PAxwR64,"
    Wir haben nicht für eine Wellnessoase gekämpft

    ----------------------------------------

    FDP-Vize Marie-Agnes Strack-Zimmermann gibt in ihrer Eröffnungsrede die Stoßrichtung vor und greift die immer gleiche Kritik an den Freien Demokraten nach der Absage an Jamaika auf: ""Wir haben uns nicht zurückgekämpft, um anderen eine Wellnessoase einzurichten. Wir hätten regieren können um des Regierens willen, ja, aber wir hätten mit diesen Partnern Deutschland nicht zukunftsfit machen können. Mit einem Seitenhieb auf die CDU-Generalsekretärin monierte sie: ""Liebe FrauKramp-Karrenbauer, in Schutt und Asche wird unser Land höchstens liegen, weil die Handwerker ihrer Arbeit unter erschwerten Bedingungen nachgehen können, da die GroKo ihnen starren Arbeitszeiten, bürokratische Monster, horrende Dokumentationspflichten und fehlende Unterstützung beschert. Unser Kompass zeigt nur in eine Richtung, wir wollen eine Nation der Innovationen.“

Die FDP habe sich für den steinigeren Weg entschieden, appelliert Strack-Zimmermann an alle, gemeinsam daran zu arbeiten, ""dass Deutschland wieder ein Land der Tüftler, wieder ein Land der Dichter und Gründer wird.“
"
uQX5LNwjtog,711,2020-04-02,@FDP,https://www.youtube.com/watch?v=uQX5LNwjtog,"
MASZ liest vor: Karius und Baktus | #Märchen

----------------------------------------

Heute ist der internationale Kinderbuchtag. Gerade in Zeiten von Corona hat der Tag eine besondere Bedeutung: Kitas und Schulen sind geschlossen. Öffentliche Aktivitäten stark eingeschränkt. Und Großeltern dürfen nicht besucht werden. Umso wichtiger ist jetzt das Lesen und Vorlesen. Denn damit können unsere Kleinen die Krise zumindest für eine kurze Zeit vergessen. In diesem Sinne wünschen wir viel Spaß mit der Geschichte, die Agnes-Marie Strack-Zimmermann für alle – Groß & Klein – vorliest.
"
wY1TrW1q_LI,3245,2020-09-20,@FDP,https://www.youtube.com/watch?v=wY1TrW1q_LI,"
    Wirtschaftswunderpolitik ist ein Gebot sozialer Gerechtigkeit | #BPT20 #Lindner

    ----------------------------------------

    Die Bundestagswahl in einem Jahr wird eine Richtungswahl: Solidität oder Schulden, Freiheit oder Fesselung des Landes, soziale Marktwirtschaft oder Planwirtschaft. Davon ist Christian Lindner überzeugt. Der FDP-Chef bekräftigte den Willen der Liberalen, nach der Bundestagswahl Regierungsverantwortung im Bund zu übernehmen. Er will, dass nächstes Jahr die Freien Demokraten wieder zu einer Regierungsbildung im Bund benötigt werden. Unter dem Motto ""Mission Aufbruch"" erinnerte er daran, ""was unser Land stark gemacht hat. Die Zeit des Wirtschaftswunders war eine Zeit der Tatkraft und der Offenheit für Veränderung. Genau das braucht unser Land heute wieder.""



#BPT20 #Aufbruch #MissionAufbruch

Mehr dazu:
Zusammenfassung des Bundesparteitags: www.bundesparteitag.de
Alles Rund um den Parteitag: www.fdp.de/content/bundesparteitag-2020-1
Die Rede zum Nachlesen: https://www.fdp.de/pressemitteilung/lindner-rede-auf-dem-71.-bundesparteitag
"
IkoAatlxX18,86,2020-09-20,@FDP,https://www.youtube.com/watch?v=IkoAatlxX18,"
    Ein Einzelner kann den Unterschied machen | #BPT20 #Wissing

    ----------------------------------------

    Volker Wissing erklärt, warum für ihn und die FDP die Entscheidungsfreiheit der Einzelnen so wichtig ist. Er sagt: Die größten Dinge haben nicht die Menschen mit einem besonders gesellschaftskonformen oder angepassten Lebenswandel hervorgebracht. Und er macht ein eindrückliches Beispiel. Schaut Euch hier einen Ausschnitt aus seiner Bewerbungsrede zum Generalsekretär an!


#BPT20 #Aufbruch #MissionAufbruch

Mehr dazu:
Zusammenfassung des Bundesparteitags: www.bundesparteitag.de
Alles Rund um den Parteitag: www.fdp.de/content/bundesparteitag-2020-1
"
PXLrwM0RXA8,95,2020-08-20,@FDP,https://www.youtube.com/watch?v=PXLrwM0RXA8,"
    Digitalnation Deutschland | #Programmkonvent

    ----------------------------------------

    Deutschland muss bei der Digitalisierung Fahrt aufnehmen, um im globalen Vergleich aufzuholen. In diesem Programmforum haben wir diskutiert, wie der Sprung ins digitale Zeitalter gelingt. Wir wollen eine Vision 2030 für eine Digitalnation Deutschland entwerfen: Brauchen wir ein Digitalministerium? Wann endlich gehören Funklöcher der Vergangenheit an? Welche Chancen bietet 5G für die Mobilität in Deutschland 2030?

Die Ergebnisse fasst Manuel Höferlin MdB, Vorsitzender des Ausschusses Digitale Agenda im Bundestag und Mitglied der Programmkommission diesem Video zusammen.
"
dzeW3I3Ydds,142,2021-07-26,@FDP,https://www.youtube.com/watch?v=dzeW3I3Ydds,"
    Die FDP hat das härteste Klimaschutz-Programm | BTW21

    ----------------------------------------

    Wir müssen das Klima endlich wirksam schützen. Deswegen brauchen wir einen Neustart in der Klimapolitik. Wir Freie Demokraten haben ""das härteste Klimaschutz-Programm in Deutschland"", erklärt Christian Lindner im Wahlduell ""Für & Wider"". Schau Dir jetzt dieses Video an und erfahre, wie unser Klima-Konzept aussieht. #VielZuTun #BTW21

Quelle: ZDF.de

Zum Wahlprogramm: www.fdp.de/vielzutun
Mitgliedwerden: fdp.de/mitgliedwerden
_______________________
Abonniere unseren Kanal: http://youtube.com/fdp?sub_confirmation=1
Folge uns auf
Facebook: https://www.facebook.com/fdp
Twitter: https://twitter.com/fdp
Instagram: https://www.instagram.com/fdp
"
HyFKuCjb4O0,64,2021-09-20,@FDP,https://www.youtube.com/watch?v=HyFKuCjb4O0,"
    Vermögensdebatte | #Lindner

    ----------------------------------------

    Statt darüber nachzudenken, wie wir große Vermögen klein machen, wie wäre es, dafür zu sorgen, dass kleine Vermögen größer werden oder dass mehr Menschen überhaupt eins bekommen können.

#Lindner #BPT21 #BTW21 #FDP #VielZuTun

Zum Wahlprogramm: www.fdp.de/vielzutun
Mitglied werden: fdp.de/mitgliedwerden
_______________________
Folge uns auf
Facebook: https://www.facebook.com/fdp
Twitter: https://twitter.com/fdp
Instagram: https://www.instagram.com/fdp
"
90S3lZcWZ48,130,2023-07-31,@FDP,https://www.youtube.com/watch?v=90S3lZcWZ48,"
    CL und Claudia Major über die nationale Sicherheitsstrategie | #9 CL+ Claudia Major

    ----------------------------------------

    Die Vorstellung der ersten nationalen Sicherheitsstrategie durch die Bundesregierung stellt einen Meilenstein in der Sicherheits- und Verteidigungspolitik dar. Welche konkreten Rückschlüsse sich daraus ableiten lassen und welche Themen womöglich zu kurz gekommen sind, diskutiert Christian Lindner in Folge #9 CL+ mit Claudia Major.

_____________________

Abonniere unseren Kanal: http://youtube.com/fdp
Folge uns auf
Facebook: https://www.facebook.com/fdp
Twitter: https://twitter.com/fdp
Instagram: https://www.instagram.com/fdp
LinkedIn: https://www.linkedin.com/company/freiedemokraten
"
29kvj0GEa9o,164,2022-01-06,@FDP,https://www.youtube.com/watch?v=29kvj0GEa9o,"
    Fortschrittsmotor für NRW | #3K22 #AufInsNeue

    ----------------------------------------

    Neustart – den gibt es mit der FDP in einer Fortschritts-Koalition im Bund und in NRW seit viereinhalb Jahren eine Fortschrittskoalition mit der CDU. Das zeigt: Es kommt nicht auf die Partner an. Entscheidend ist, dass die FDP als Fortschrittsmotor in einer Regierung ist. ""Wir haben als Reformkraft in Nordrhein-Westfalen noch wirklich viel vor"", so der Spitzenkandidat der FDP NRW, Joachim Stamp. #3K22 #AufInsNeue

Mehr zur FDP-NRW: https://www.fdp.nrw/
Mitgliedwerden: https://mitgliedwerden.fdp.de/
_______________________
Abonniere unseren Kanal: http://youtube.com/fdp?sub_confirmation=1
Folge uns auf
Facebook: https://www.facebook.com/fdp
Twitter: https://twitter.com/fdp
Instagram: https://www.instagram.com/fdp
"
HobUwM-qLn0,48,2021-12-07,@FDP,https://www.youtube.com/watch?v=HobUwM-qLn0,"
    Jetzt beginnt die Zeit der Tat | #Lindner #Koalitionsvertrag

    ----------------------------------------

    ""Meine Damen und Herren, wir haben jetzt lange und viel miteinander gesprochen. Wir haben lange und intensiv mit unseren Parteien gesprochen und wir haben auch mit der Öffentlichkeit intensiv in den letzten Tagen und Wochen gesprochen. Jetzt beginnt die Zeit der Tat. Wir haben gesagt, wir wollen mehr Fortschritt wagen. Ab dieser Woche wollen wir am Fortschritt arbeiten. Wir geben uns keiner Illusion hin. Das sind große Herausforderungen, vor denen wir stehen. Aber auch wenn die Aufgaben und Herausforderungen groß sind, unsere Ambitionen und unsere Bereitschaft zum Engagement, die sind es eben auch"", so der FDP-Bundesvorsitzende Christian Lindner bei der Unterzeichnung des Koalitionsvertrags zwischen SPD, Bündnis 90/Die Grünen und FDP.


Zum Koalitionsvertrag: www.fdp.de/Koalitionsvertrag
Mitgliedwerden: fdp.de/mitgliedwerden
_______________________
Abonniere unseren Kanal: http://youtube.com/fdp?sub_confirmati...
Folge uns auf
Facebook: https://www.facebook.com/fdp
Twitter: https://twitter.com/fdp
Instagram: https://www.instagram.com/fdp
"
dLLzjaKStq0,251,2020-04-20,@FDP,https://www.youtube.com/watch?v=dLLzjaKStq0,"
    Diskussionen gehören zur Normalität der Demokratie | #Corona

    ----------------------------------------

    Zu Diskussionen über die Verhältnismäßigkeit von Grundrechtseingriffen gab FDP-Generalsekretärin Linda Teuteberg ein Statement.

""Es gibt die Notwendigkeit mancher Freiheitseinschränkungen im Moment wegen Corona - etwa die Kontakteinschränkungen. Aber es ist legitim und unbedingt notwendig, auch über die Verhältnismäßigkeit zu sprechen"", so Teuteberg.
"
GlcL-vA0o70,431,2019-12-05,@cdutv,https://www.youtube.com/watch?v=GlcL-vA0o70,"
Interview mit dem Unternehmer Rafael Laguna de la Vera auf dem #cdupt19

----------------------------------------

Unternehmer Rafael Laguna de la Vera spricht auf dem CDU Parteitag in Leipzig 2019 mit unserer Reporterin Stephanie Feck über die Chancen und Möglichkeiten der Digitalisierung für die Wirtschaft.
"
Qw7QwHY6euo,117,2021-01-18,@cdutv,https://www.youtube.com/watch?v=Qw7QwHY6euo,"
Ideenwettbewerb: Stadtverband Rheinberg - Das Rheinberg Spiel

----------------------------------------


"
l0k7JWsRFi0,30,2020-10-28,@cdutv,https://www.youtube.com/watch?v=l0k7JWsRFi0,"
#CDUVorsitz: Teaser CDU.TV-Interviews

----------------------------------------


"
opTDFIOId1Q,334,2022-05-19,@cdutv,https://www.youtube.com/watch?v=opTDFIOId1Q,"
Fachkommission Zusammenhalt  mit Silvia Breher | Grundsätzlich CDU – Der Rede WERT

----------------------------------------

Die Fachkommission Zusammenhalt wird sich insbesondere mit den Grundlagen und geeigneten Rahmenbedingungen für einen guten Zusammenhalt in unserem Land beschäftigen. ""Wir wollen Familien stärken, fördern und entlasten. Hierbei wird ein besonderer Schwerpunkt auf eine gute Vereinbarkeit von Familie und Beruf, familienfreundliche Rahmenbedingungen in unserer Gesellschaft und eine geeignete Zeitpolitik gelegt. Wir werden uns dem Thema Integration widmen, wollen Verständigung fördern und Zusammengehörigkeit ermöglichen"", so Silvia Breher, Leiterin der Fachkommission Zusammenhalt.  Mehr Informationen über die Kommissionen und den Grundsatzprogrammprozess gibt es hier ➡️ https://www.grundsatzprogramm-cdu.de/
"
F8WSQpTAnjM,104,2019-07-07,@cdutv,https://www.youtube.com/watch?v=F8WSQpTAnjM,"
    Bernd Althusmann: Mobilität der Zukunft neu denken

    ----------------------------------------

    Die CDU geht neue Wege zu einer „Mobilität der Zukunft“. Der Bundesvorstand der Partei beschloss ein von den CDU-Landesvorsitzenden Bernd Althusmann und Thomas Strobl erarbeitetes Konzept. Der Beschluss fordert mehr ÖPNV und mehr Radverkehr, weniger PKW-Verkehr sowie Förderung der Entwicklung umweltfreundlicher Motoren. Althusmann betonte bei der Vorstellung mit CDU-Generalsekretär Paul Ziemiak: „Wir glauben, dass wir mit dem Papier Wirtschaft, Mobilität und Klimaschutz in Einklang bringen“.

Mehr Informationen unter: https://www.cdu.de/artikel/cdu-beschliesst-konzept-zur-mobilitaet-der-zukunft

Facebook: https://www.facebook.com/CDU
Twitter: https://twitter.com/CDU
Instagram: https://www.instagram.com/cdu/
WhatsApp: https://www.cdu.de/whatsapp
Website: https://www.cdu.de/
"
rxCSDXRG7TQ,113,2020-05-26,@cdutv,https://www.youtube.com/watch?v=rxCSDXRG7TQ,"
Paul Ziemiak: Keine Einschnitte beim Mindestlohn

----------------------------------------

CDU-Generalsekretär Paul Ziemiak hat Einschnitte beim Mindestlohn ausgeschlossen und damit Überlegungen von einzelnen Abgeordneten zurückgewiesen. In der Corona-Krise sei es wichtig, dass die Gesellschaft zusammenhalte. „Die CDU ist die Partei der Mitte und des Zusammenhalts“, betonte er in einem Presse-Statement. Besonders Menschen, die auf den Mindestlohn angewiesen sind, hätten es derzeit nicht leicht – zum Beispiel wegen gestiegener Lebensmittelpreise und geschlossener Kitas. Die CDU nehme die ganze Gesellschaft bei der Bewältigung er Corona-Krise in den Blick. Ziel sei es nun, die Wirtschaft nachhaltig anzukurbeln, damit Deutschland gestärkt aus der Krise herauskomme.
"
xtffRtr-30Y,222,2021-11-24,@cdutv,https://www.youtube.com/watch?v=xtffRtr-30Y,"
#CDUVorsitz: Kandidat Norbert Röttgen

----------------------------------------

#cdu #neueStärke
"
e-tJg72egyI,209,2020-03-31,@cdutv,https://www.youtube.com/watch?v=e-tJg72egyI,"
Alle gegen Corona!

----------------------------------------

Worauf es in der Corona-Krise jetzt ankommt: Alle Maßnahmen der Bundesregierung im Überblick. #allegegencorona #wirbleibenzuhause
"
93jjkceV2_w,64,2022-01-19,@cdutv,https://www.youtube.com/watch?v=93jjkceV2_w,"
    Kandidatur Ilka Lochner

    ----------------------------------------

    Kandidatin für den Bundesvorstand - vorgeschlagen von: CDU Mecklenburg-Vorpommern
Mehr Informationen: https://www.cdu-parteitag.de/
"
JL8jV0JHW1Q,3068,2023-01-18,@cdutv,https://www.youtube.com/watch?v=JL8jV0JHW1Q,"
    Einfach mal machen – Folge #3 mit Caroline Bosbach und Philipp Amthor

    ----------------------------------------

    Mit Caroline Bosbach und Philipp Amthor kann Carsten Linnemann an seinem Tisch gleich zwei medienerprobte Vertreter der jungen Generation begrüßen. Kurzweilig und hart in der Sache zugleich, reden die drei über die Silvesternacht in Berlin, die Räumung von Lützerath, Versäumnisse bei der Integration und den Wirtschaftsstandort Deutschland in Zeiten von Fachkräftemangel und Klimawandel.

Caroline Bosbach ist Vorsitzende des „Jungen Wirtschaftsrats“. Die älteste Tochter von CDU-Urgestein Wolfgang Bosbach machte auch abseits der Politik von sich reden: In der RTL-Show „Let’s dance“ erreichte sie 2022 die sechste Runde.

Philipp Amthor zog bei der Bundestagswahl 2021 das zweite Mal ins Hohe Haus ein, sorgt dort mit seinen pointierten Angriffen gegen die AfD regelmäßig für Furore. So auch in dieser Ausgabe des Podcasts.

Fragen und Feedback gerne an podcast@cdu.de.

#cdu #grundsätzlichCDU
"
Iw2u1avVQvM,1628,2018-06-28,@cdutv,https://www.youtube.com/watch?v=Iw2u1avVQvM,"
    Migrationsfrage lösen – unter Wahrung unserer Werte und in Abstimmung mit unseren Partnern

    ----------------------------------------

    Unmittelbar vor ihrem Flug zum EU-Gipfel nach Brüssel gibt die Bundeskanzlerin vor den Abgeordneten des Deutschen Bundestages eine Regierungserklärung ab. Sie lässt keinen Zweifel daran, dass es im deutschen Interesse ist, das Migrationsthema in enger Abstimmung mit unseren europäischen Partnern anzugehen. Nur auf diese Weise wird es gelingen, Migration zu ordnen, zu steuern und zu begrenzen. Dabei müssen sich alle ihrer Verantwortung bewusst sein, denn die Migrationsfrage kann zur Schicksalsfrage für Europa werden.

Mehr Infos: https://www.cdu.de/migration-ordnen-steuern-begrenzen
"
i1ZQz_hbJcU,173,2022-09-14,@cdutv,https://www.youtube.com/watch?v=i1ZQz_hbJcU,"
    Grundsätzlich CDU – auf dem Weg zu unserem neuen Grundsatzprogramm.

    ----------------------------------------

    Die CDU wird grundsätzlich: Wer sind wir? Was macht uns aus? Und wo wollen wir hin? Diese Fragen stehen im Mittelpunkt unseres gemeinsamen Weges zu einem neuen Grundsatzprogramm. Tausende Mitglieder arbeiten daran mit, 2024 soll das neue Programm stehen. Das Ziel ist klar: Wir wollen Deutschlands Zukunft gestalten. Mit Mut, Freude und Zuversicht. Mehr dazu unter https://www.grundsatzprogramm-cdu.de

#cdu #cdupt22 #grundsätzlichCDU
"
aZ9OUDQk5zw,133,2021-09-24,@cdutv,https://www.youtube.com/watch?v=aZ9OUDQk5zw,"
    Diese Bundestagswahl ist eine Richtungsentscheidung. Wahlaufruf von CDU und CSU. #wegenmorgen

    ----------------------------------------

    Die CDU will mit Armin Laschet an der Spitze die nächste Regierung anführen.

📈 Nur mit der Union aus CDU und CSU gibt es Wachstum sowie gute und sichere Arbeitsplätze.
🚔 Nur mit der Union bleibt Deutschland ein sicheres Land.
🌍 Nur mit der Union bleibt Europa eine Stabilitätsunion, mit der wir die großen Herausforderungen beim Klimaschutz, der inneren und äußeren Sicherheit und der Digitalisierung angehen können.

🗳 Wer einen Kurs von Mitte und Vernunft will, wählt am 26.09. mit beiden Stimmen die Union. 

👉 Mehr Infos auf  www.wegenmorgen.de!
"
TSHyjNt-rbM,120,2019-11-22,@cdutv,https://www.youtube.com/watch?v=TSHyjNt-rbM,"
    Pressekonferenz mit Paul Ziemiak vor dem Parteitag in Leipzig #cdupt19

    ----------------------------------------

    Es ist uns eine Ehre, dass der #cdupt19 in Leipzig stattfindet. Aus „Wir sind das Volk“ wurde zu „Wir sind ein Volk“. Das „Wir“ müssen wir jetzt für die Zukunft neu bestimmen. Das ist eine besondere Aufgabe für CDU. Für die starke Mitte Deutschlands.

Der anstehende Parteitag steht unter dem Motto „Deutschlands Starke Mitte. CDU.“
Damit formulieren wir zweierlei – unsere Haltung als Volkspartei und unseren Anspruch als Regierungspartei.

Alle Informationen rund um den Parteitag auf https://www.cdu.de/.
"
mEVIS46JBA8,756,2018-11-30,@cdutv,https://www.youtube.com/watch?v=mEVIS46JBA8,"
Regionalkonferenz Berlin: Jens Spahn

----------------------------------------

Schauen Sie hier das Eingangsstatement von Jens Spahn bei der 8. Regionalkonferenz in Berlin.
"
jIGoe0sdj2A,362,2022-01-22,@cdutv,https://www.youtube.com/watch?v=jIGoe0sdj2A,"
Interview mit Karin Prien

----------------------------------------

Bildungsministerin Karin Prien hat ihre Präsidentschaft der Kultusministerkonferenz unter das Motto ""Lernen aus der Pandemie"" gestellt. Im Interview spricht sie darüber, wie Kinder und Jugendliche Lernrückstände aufholen können. #cdupt22 #teamCDU
"
oPv8EV73PQI,822,2018-11-27,@cdutv,https://www.youtube.com/watch?v=oPv8EV73PQI,"
Regionalkonferenz Böblingen - Friedrich Merz

----------------------------------------

Schauen Sie hier das Eingangsstament von Friedrich Merz auf der 5. Regionalkonferenz in Böblingen.
"
BOgJ8ZpMGZU,51,2021-08-30,@cdutv,https://www.youtube.com/watch?v=BOgJ8ZpMGZU,"
    Beantrage jetzt die Briefwahl und wähle die CDU – für Deine Zukunft!

    ----------------------------------------

    💡Wusstest du, dass du schon JETZT wählen kannst? 

Warum also erst auf den 26. September warten, wenn du schon vorher – ohne Anstehen am Wahllokal - deine Stimme abgeben kannst?  

Jetzt Briefwahl beantragen und CDU wählen – für gute Studien- und Ausbildungsplätze, modernes Internet und vernünftigen Klimaschutz. Gemeinsam starten wir in das #Modernisierungsjahrzehnt für Deutschland! 

Mehr Infos unter 👉 https://briefwahl.cdu.de.
"
jQyLfN4JAAw,814,2022-01-22,@cdutv,https://www.youtube.com/watch?v=jQyLfN4JAAw,"
Rede des Generalsekretärs Paul Ziemiak

----------------------------------------

In seinem Bericht blickt Paul Ziemiak auf seine Zeit als Generalsekretär der CDU Deutschlands zurück. #cdupt22 #teamCDU
"
d9DRBkYJvxM,6,2020-06-22,@cdutv,https://www.youtube.com/watch?v=d9DRBkYJvxM,"
An was wirst du dich erinner, wenn Corona Geschichte ist?

----------------------------------------

Wenn Corona einmal weg ist: Was bleibt? 🤔 Teile jetzt deine Erfahrungen beim Kickoff 2030. Und gestalte Deutschlands Zukunft mit! #kickoff2030
"
_IiZW7ZeKd4,322,2018-06-05,@cdutv,https://www.youtube.com/watch?v=_IiZW7ZeKd4,"
#ZuhoerTour in Magdeburg, Leipzig, Gotha und Rohr

----------------------------------------

Am Wochenende machte die #ZuhoerTour Halt in Magdeburg, Leipzig, Gotha und Rohr. Wir haben mit den Mitgliedern gesprochen: Welche Themen brennen ihnen auf den Nägeln, was muss unbedingt ins Grundsatzprogramm? Sehen Sie mehr im Video.
"
ZZYmW1tnjgs,90,2021-05-31,@cdutv,https://www.youtube.com/watch?v=ZZYmW1tnjgs,"
    Mehr Sicherheit und Halt durch gute Pflege

    ----------------------------------------

    Rückblick: Unser Runder Tisch zum Thema Sicherheit und Halt durch gute Pflege

Unser Thema: Mehr Sicherheit und Halt durch gute Pflege. Wir wollen Pflege attraktiver machen, damit sich mehr Menschen für diesen tollen Beruf entscheiden. Und wir wollen darüber reden, welche Rolle digitaler Helfer spielen können.

Wie wir das #zusammenmachen, diskutieren wir heute Abend mit unseren Gästen Jens Spahn Dr. Elisabeth Fix, Heiko Mania – und mit drei 💡-gebern aus unserer Beteiligungskampagne „Dein Deutschland. Deine Ideen.“

#teamCDU #CDU #zusammenmachen
"
scXEqJPKWgA,128,2024-01-19,@cdutv,https://www.youtube.com/watch?v=scXEqJPKWgA,"
    Meilenstein auf dem Weg zum Grundsatzprogramm - die Klausurtagung des CDU-Bundesvorstands

    ----------------------------------------

    Die diesjährige Klausurtagung unseres Bundesvorstands geht in die Geschichte ein. Denn der Entwurf unseres vierten Grundsatzprogramms wurde einstimmig beschlossen. Damit haben wir den vorletzten Meilenstein passiert, bevor das Programm im Mai von den Delegierten unseres Bundesparteitags verabschiedet werden kann.

Gleichzeitig bestimmten auch Diskussionen über das Superwahljahr 2024 und die Zukunft unseres Wirtschaftsstandorts Deutschland die Debatte. Für uns ist klar: Unser Land muss besser regiert werden. Als CDU stehen wir bereit, Verantwortung zu übernehmen, um Deutschland und Europa sicher in die Zukunft zu führen. Mit Zuversicht, Tatkraft, Stabilität und guten Ideen.
"
jNXtGFwqEyE,49,2021-01-04,@cdutv,https://www.youtube.com/watch?v=jNXtGFwqEyE,"
    Kandidatur Elmar Brok

    ----------------------------------------

    Kandidat für den Bundesvorstand - vorgeschlagen von: CDU Nordrhein-Westfalen, CDA
Mehr Informationen: https://www.cdu-parteitag.de/
"
m6xikT3mmZE,100,2019-11-26,@cdutv,https://www.youtube.com/watch?v=m6xikT3mmZE,"
Gitta Connemann auf dem #cdupt19: Die CDU bekennt sich klar zur Landwirtschaft

----------------------------------------

Gitta Connemann MdB, Stellvertretende Vorsitzende der CDU/CSU-Bundestagsfraktion
"
HTgI8MgHk2A,52,2021-01-04,@cdutv,https://www.youtube.com/watch?v=HTgI8MgHk2A,"
    Kandidatur Dr. Carsten Linnemann MdB

    ----------------------------------------

    Kandidat für den Bundesvorstand - vorgeschlagen von: MIT
Mehr Informationen: https://www.cdu-parteitag.de/
"
L1DavjeLKio,1081,2021-03-20,@cdutv,https://www.youtube.com/watch?v=L1DavjeLKio,"
    Interview mit Diana Kinnert zu ihrem Buch: Die neue Einsamkeit

    ----------------------------------------

    14 Millionen Menschen in Deutschland beschreiben sich als einsam. Dabei oft betroffen: Junge Erwachsene im Alter zwischen 20-40 Jahren. Doch wie kann das sein? Einsam im Zeitalter von Vernetzung & Erreichbarkeit, Facebook, Instagram & Tinder, sowie unzähliger kultureller & sozialer Angebote?

Über diese und viele weiteren spannenden Fragen schreibt unsere CDUlerin Dianna Kinnert in ihrem neuen Buch ""Die neue Einsamkeit"". Ein Thema, das besonders während der Zeit von Corona und Social Distancing mehr und mehr an Wichtigkeit erlangt. Daher haben wir Diana zu uns eingeladen und mit ihr gesprochen. 10 Frage - 10 Antworten mit Diana Kinnert. Schaut rein!
"
H_swsCFDJ0c,57,2021-01-04,@cdutv,https://www.youtube.com/watch?v=H_swsCFDJ0c,"
    Kandidatur Thomas Kufen

    ----------------------------------------

    Kandidat für den Bundesvorstand - vorgeschlagen von: CDU Nordrhein-Westfalen
Mehr Informationen: https://www.cdu-parteitag.de/
"
S6sjDJU12rs,444,2022-01-22,@cdutv,https://www.youtube.com/watch?v=S6sjDJU12rs,"
Grußwort des Fraktionsvorsitzenden Ralph Brinkhaus

----------------------------------------

""Bei der Regierung den Finger in die Wunde legen, wo Sachen falsch laufen!"" Ralph Brinkhaus über die Oppositionsarbeit im Deutschen Bundestag! #cdupt22 #teamCDU
"
4GKXuWf0CME,1454,2022-09-10,@cdutv,https://www.youtube.com/watch?v=4GKXuWf0CME,"
    Bernd Althusmann: Niedersachsen springt weiter

    ----------------------------------------

    Am 09. Oktober ist in Niedersachsen Landtagswahl. In seiner Rede auf dem 35. Parteitag in Hannover sagte er kämpferisch: ""Ich habe einen klaren Plan für Niedersachsen. Ich habe einen klaren Plan für die Menschen.""

#cdu #cdupt22
"
RbCrOJ8SRIQ,55,2021-01-04,@cdutv,https://www.youtube.com/watch?v=RbCrOJ8SRIQ,"
    Kandidatur Thomas Bareiß MdB

    ----------------------------------------

    Kandidat für den Bundesvorstand - vorgeschlagen von: CDU Baden-Württemberg
Mehr Informationen: https://www.cdu-parteitag.de/
"
kQADfXOy9Ag,264,2020-11-16,@cdutv,https://www.youtube.com/watch?v=kQADfXOy9Ag,"
    Zukunftssicherer Wald – Der Sauener Wald in Brandenburg

    ----------------------------------------

    Nachhaltige Forstwirtschaft im Sinne von August Bier bringt Klimaschutz, Biodiversität und ressourcenschonende Waldnutzung in Einklang. Im Sauener Wald in Brandenburg zeigen sie seit Jahrzehnten wie das geht. Mehr dazu auch unter www.cdu.de/unserwald

#cdu
"
qLuZH-Rlewc,720,2018-11-21,@cdutv,https://www.youtube.com/watch?v=qLuZH-Rlewc,"
Regionalkonferenz Lübeck: Rede von Jens Spahn

----------------------------------------

Sehen Sie hier das Video der Rede von Jens Spahn auf der 1. Regionalkonferenz in Lübeck.
"
ghWtwdbDAgs,1411,2021-09-22,@cdutv,https://www.youtube.com/watch?v=ghWtwdbDAgs,"
    Deutschland gemeinsam machen - Das Team: Folge 2 mit Carsten Linnemann und Astrid Hamker

    ----------------------------------------

    Die Bundestagswahl ist eine Richtungsentscheidung. Vor allem beim Thema Wirtschaft.

Deutschland muss stark aus der Krise kommen. Das geht nur mit Wachstum und Jobs. Dafür braucht es eine starke Union. Dabei verbinden wir nachhaltiges Wachstum, Klimaschutz und soziale Sicherheit miteinander. Mit einer SPD-geführten Bundesregierung gäbe es neue Steuern, neue Schulden und neue Bürokratie. Wer Wirtschaftskraft statt Wirtschaftskrise, Aufschwung statt Abschwung und neue Jobs statt neuer Steuern will, wählt CDU.

In unserem Video sprechen Carsten Linnemann, Vorsitzender der MIT und Astrid Hamker, Präsidentin des Wirtschaftsrats der CDU  über die besten Lösungen für eine starke Wirtschaft, die auch global wettbewerbsfähig ist.

Mehr Informationen:
👉🏼 www.neue-dynamik-fuer-wirtschaft.de
👉🏼 www.klimaneutrales-industrieland.de
👉🏼 www.cdu.de/artikel/sechs-pakete-fuer-den-neustart-nach-der-krise

Warum CDU? #wegenmorgen! www.wegenmorgen.de
#CDU #teamCDU
"
tWffdJxyeG0,90,2019-05-11,@cdutv,https://www.youtube.com/watch?v=tWffdJxyeG0,"
Wir kämpfen bei Wind und Wetter – 26.Mai CDU

----------------------------------------

Gestern waren wir in #Ulm. Danke an alle, die auch bei Wind und Wetter gemeinsam mit @akk und @ManfredWeber für #UnserEuropa für Sicherheit, Frieden und Wohlstand sowie für starke Kommunen kämpfen. #26MaiCDU
"
Js7QAOt8KkA,64,2021-11-27,@cdutv,https://www.youtube.com/watch?v=Js7QAOt8KkA,"
CDU Live mit Norbert Röttgen – Die Zusammenfassung

----------------------------------------


"
5Y7bOCt_LqU,6,2020-06-22,@cdutv,https://www.youtube.com/watch?v=5Y7bOCt_LqU,"
Welche Herausforderungen kommen auf Familien zu?

----------------------------------------

In den letzten Wochen haben wir bewiesen, dass wir Krisen am besten gemeinsam meistern. Mit dem 🇩🇪Kickoff 2030 wollen wir jetzt auch gemeinsam die richtigen Schlüsse ziehen! Damit Deutschland 2030 noch besser ist. ➡️www.kickoff2030.de #kickoff2030
"
4u7k7t_nsMw,117,2019-03-11,@cdutv,https://www.youtube.com/watch?v=4u7k7t_nsMw,"
Paul Ziemiak: Pressekonferenz vom 11.03.2019

----------------------------------------


"
bZzxq3L5b1Q,557,2020-01-18,@cdutv,https://www.youtube.com/watch?v=bZzxq3L5b1Q,"
#AKK Unterwegs: Deutschlandjahr – Zusammenleben, Zusammenhalten.

----------------------------------------

Wie wollen wir zusammenleben und wie wollen wir zusammenhalten? Ein Deutschlandjahr kann Kitt für die Gesellschaft sein. Es vermittelt Wissen und weckt Verständnis füreinander und ist damit entscheidend für die Lebensqualität in unserem Land. Deutschland 2030 kann nur erfolgreich sein, wenn wir neben einer starken Wirtschaft und Sicherheit auch einen starken Zusammenhalt in unserem Land haben.
"
idGdB2433m0,508,2022-06-09,@cdutv,https://www.youtube.com/watch?v=idGdB2433m0,"
    Fachkommission Humane Digitalisierung mit Ronja Kemmer | Grundsätzlich CDU – Der Rede WERT

    ----------------------------------------

    Zukunftstechnologien, Digitale Souveränität und Datennutzung sind drei Schlüsselthemen der FK Humane Digitalisierung. Die Themen sind miteinander verbunden und ihre erfolgreiche zukünftige Ausgestaltung erfordert daher, diese gegenseitigen Abhängigkeiten mitzudenken. Die Mitglieder der FK und externe Experten bringen ein breites Spektrum an Fachwissen mit, um über Themengrenzen hinweg arbeiten zu können. Europas Digitale Souveränität steigt und fällt mit unseren technologischen Fähigkeiten. Nur wenn wir Zukunftstechnologien selbst meistern und entwickeln, vermeiden wir Abhängigkeiten. Die Entwicklung dieser Technologien basiert zu einem guten Teil auf der Verarbeitung von Daten. Die aktuellen Rahmenbedingungen zur Verarbeitung von Daten sind aber oft unnötig kompliziert. Die effektive Durchsetzung von Schutzrechten und die klare Ausgestaltung des Rechtsrahmens und der Aufsichtsstruktur gehen Hand in Hand.

#CDU #Grundsatprogrammprozess
"
_dj9k6Lra74,96,2021-04-03,@cdutv,https://www.youtube.com/watch?v=_dj9k6Lra74,"
    Recap: Dein Deutschland. Deine Ideen 🚀

    ----------------------------------------

    Dein Deutschland. Deine Ideen. Mach mit beim Machen!

In den nächsten Wochen geht es um die besten und kreativsten Ideen im ganzen Land. Wie sehen eure Lösungen aus für eine modernen Staat mit effektiver Verwaltung? Für klimaneutrales Wirtschaften und Leben? Für ein handlungsfähiges Europa und echte Sicherheit – zuhause, auf der Straße oder im Netz. 🧐💡

Macht mit und erzählt uns von Euren Ideen. Und dann legen wir eure und unsere Ideen zusammen und machen das Beste draus. An unseren digitalen runden Tischen. Für ein echtes deutsches Modernisierungsjahrzehnt.

Also liebe Macherinnen und Macher in ganz Deutschland 🇩🇪. Wir setzen auf Euch und Eure Ideen! Wir wollen das #zusammenmachen.  👉🏼 www.zusammenmachen.de
"
qLQPKYe1sJ0,627,2020-05-25,@cdutv,https://www.youtube.com/watch?v=qLQPKYe1sJ0,"
    Pressekonferenz nach den heutigen Gremiensitzungen mit Paul Ziemiak

    ----------------------------------------

    Das Präsidium und der Bundesvorstand der CDU Deutschlands haben deutlich zum
Ausdruck gebracht, dass sie hinter der Initiative der Bundeskanzlerin Angela Merkel
und dem französischen Präsidenten Emanuel Macron stehen. Es ist wichtig, dass
Europa und Deutschland gestärkt aus dieser Krise hervorgehen. Deutschland hängt
als exportabhängiges Land von einem wirtschaftlich starken Europa ab.

Wir als CDU stehen für solide Finanzen. Deshalb ist für uns klar:
- Nein zur Schuldenvergemeinschaftung!
- Nein zu Eurobonds!
- Keine Subventionen für nationale Hauhalte!

Unsere Generalsekretär Paul Ziemiak betonte, dass die CDU die Partei ist, die an vernünftigen und machbaren Lösungen arbeitet. Für Deutschland. Für Europa.
"
daWBRAV8knw,683,2018-11-22,@cdutv,https://www.youtube.com/watch?v=daWBRAV8knw,"
Regionalkonferenz Halle (Saale): Rede von Annegret Kramp-Karrenbauer

----------------------------------------

Rede von Annegret Kramp-Karrenbauer auf der 4. Regionalkonferenz der CDU in Halle (Saale). #CDUVorsitz
"
wmyjKALIdL8,117,2019-11-18,@cdutv,https://www.youtube.com/watch?v=wmyjKALIdL8,"
Funktions- und Mandatsträgerkonferenz Böblingen

----------------------------------------

Bei dem Finale unserer insgesamt sechs Funktions- und Mandatsträgerkonferenzen wurde gestern lebhaft und offen diskutiert. Die Abgrenzung der CDU nach rechts, Grundrente, Klimaschutz und Mobilität waren Themen bei der CDU Baden-Württemberg.
"
ZvAAk10F83U,46,2022-01-20,@cdutv,https://www.youtube.com/watch?v=ZvAAk10F83U,"
    Kandidatur Anja Karliczek MdB

    ----------------------------------------

    Kandidatin für den Bundesvorstand - vorgeschlagen von: CDU Nordrhein-Westfalen
Mehr Informationen: https://www.cdu-parteitag.de/
"
uu8-TVfivtY,30,2021-09-24,@cdutv,https://www.youtube.com/watch?v=uu8-TVfivtY,"
    Sicherheit

    ----------------------------------------

    Gemeinsam für ein Land, in dem alle in Sicherheit und Freiheit leben können! Mit mehr Videoschutz, einer Null-Toleranz-Strategie gegen Clans, besserer IT-Sicherheit und konsequentem Vorgehen gegen Extremismus, Gewalt und Terror stärken wir die Wehrhaftigkeit unseres Rechtsstaates. Am 26.09. mit beiden Stimmen CDU, für ein sicheres Deutschland – zu Hause, auf der Straße und im Netz.

https://www.sicher-leben-in-deutschland.de
"
tqxrAfik_EM,87,2018-04-10,@cdutv,https://www.youtube.com/watch?v=tqxrAfik_EM,"
AKK zur Diskussion um ein Kopftuchverbot

----------------------------------------

„Wenn kleine Mädchen schon im Kindergarten und in der Grundschule Kopftuch tragen, dann hat das nichts mit Religion zu tun“, ist Annegret Kramp-Karrenbauer überzeugt. Als Ultima Ratio schließt sie deshalb auch ein Kopftuchverbot nicht aus. Sehen Sie mehr im Video!
"
ptt_dBhmiqw,211,2021-01-16,@cdutv,https://www.youtube.com/watch?v=ptt_dBhmiqw,"
Neuer CDU-Chef Laschet: Danke für fairen Wettbewerb und Vertrauen

----------------------------------------

""Ich will alles tun, dass wir zusammen durch dieses Jahr gehen"", so wandte sich der neue CDU-Vorsitzende Armin Laschet nach der Abstimmung an die Delegierten.
"
WK2TieAQ_HA,168,2018-10-14,@cdutv,https://www.youtube.com/watch?v=WK2TieAQ_HA,"
Statement zur Wahl in Bayern

----------------------------------------


"
QgOHFPNlef0,5869,2019-02-11,@cdutv,https://www.youtube.com/watch?v=QgOHFPNlef0,"
#CDUwerkstatt: Deutsche und europäische Asyl- und Migrationspolitik - eine Bestandsaufnahme

----------------------------------------

Bei dieser BEstandsaufnahme ging es um die Diskussion strittiger Punkte der deutschen und europäischen Asyl- und Migrationspolitik aus juristischer und politischer Perspektive. Dabei geht es nicht nur um die Frage der Nicht-Schließung der deutschen Grenzen ab September 2015, sondern auch um die Zeit davor und die Entwicklungen danach. Im Fokus stehen auch Fragen in Bezug auf die Dublin-Regeln, Transitzonen/Zurückweisungen an der Grenze, oder auch rechtliche Fragen der Abschiebepraxis/Rückführung von Ausreisepflichtigen, insbesondere von straffällig gewordenen Flüchtlingen/Gefährdern, etwa am prominenten Beispiel des salafistischen Predigers und mutmaßlichen ehemaligen Leibwächters von Osama bin Laden, Sami A., oder Fragen verbindlicher Altersfeststellung.
"
T001BOfvnG4,48,2022-01-19,@cdutv,https://www.youtube.com/watch?v=T001BOfvnG4,"
    Kandidatur Dennis Radtke MdEP

    ----------------------------------------

    Kandidat für den Bundesvorstand - vorgeschlagen von: CDA, CDU Nordrhein-Westfalen
Mehr Informationen: https://www.cdu-parteitag.de/
"
L1VopgjNi44,49,2022-01-19,@cdutv,https://www.youtube.com/watch?v=L1VopgjNi44,"
    Kandidatur Wiebke Winter

    ----------------------------------------

    Kandidatin für den Bundesvorstand - vorgeschlagen von: CDU Bremen, Junge Union
Mehr Informationen: https://www.cdu-parteitag.de/
"
IVW6_wDChOk,61,2018-03-13,@cdutv,https://www.youtube.com/watch?v=IVW6_wDChOk,"
Tatkräftig für Deutschland: Julia Klöckner

----------------------------------------

Julia Klöckner wird neue Bundesministerin für Ernährung und Landwirtschaft. Hier sagt Rheinland-Pfälzerin, was ihr im ""Lebensministerium"" besonders am Herzen liegt.
"
SlKqZg8B5MA,49,2018-02-12,@cdutv,https://www.youtube.com/watch?v=SlKqZg8B5MA,"
Koalitionsvertrag: Altmaier zu Steuern und Finanzen

----------------------------------------


"
-_6Ecc0YPQ0,167,2018-02-27,@cdutv,https://www.youtube.com/watch?v=-_6Ecc0YPQ0,"
Aufbruch - Dynamik - Zusammenhalt

----------------------------------------


"
vfC8zrG8YZM,52,2022-01-19,@cdutv,https://www.youtube.com/watch?v=vfC8zrG8YZM,"
    Kandidatur Serap Güler MdB

    ----------------------------------------

    Kandidatin für den Bundesvorstand - vorgeschlagen von: CDU-Kreisverband Leverkusen, CDA, CDU Nordrhein-Westfalen
Mehr Informationen: https://www.cdu-parteitag.de/
"
Kd9Ia2xb1hY,251,2018-07-23,@cdutv,https://www.youtube.com/watch?v=Kd9Ia2xb1hY,"
AKK zieht erstes Fazit nach Zuhör-Tour

----------------------------------------

Das war sie nun vorerst, die Zuhör-Tour! Mehr als 40 Stationen in 16 Wochen, quer durch Deutschland. Im Video zieht Annegret Kramp-Karrenbauer ein erstes Fazit und gibt einen Ausblick, wie es mit dem Grundsatzprogramm weitergeht.
"
TOaxiOkgX38,78,2019-05-05,@cdutv,https://www.youtube.com/watch?v=TOaxiOkgX38,"
AKK bei #PulseofEurope: Wir brauchen ein starkes Europa!

----------------------------------------

Bei der #Europawahl2019 geht es um die konkrete Frage, welches Europa wir wollen. Die @CDU will ein #starkesEuropa, das die Spielregeln in einer sich rasant verändernden Welt auf Grundlage unserer Werte mitbestimmt. @PulseofEurope #26MaiCDU
"
MN3xuYXPRJo,289,2022-01-22,@cdutv,https://www.youtube.com/watch?v=MN3xuYXPRJo,"
Erstes Interview mit Friedrich Merz nach der Wahl

----------------------------------------

Starker Rückenwind auf dem Parteitag für den frisch gewählten Parteivorsitzenden Friedrich Merz! Was ihm jetzt wichtig ist, verrät er im ersten Interview nach seiner Wahl. #cdupt22 #teamCDU
"
NDk8HXK6yO8,2136,2020-02-27,@cdutv,https://www.youtube.com/watch?v=NDk8HXK6yO8,"
    25. Politischer Aschermittwoch aus Demmin: Rede der Vorsitzenden der CDU Deutschlands

    ----------------------------------------

    Zum 25. Mal findet der Politische Aschermittwoch der CDU in Demmin statt.
Mit dabei die Parteivorsitzende Annegret Kramp-Karrenbauer. Bei der Traditionsveranstaltung in Vorpommern zum Motto: „Zeit für deutliche Worte“ spricht die Parteivorsitzende über Deutschland 2030, über die Abgrenzung nach links und rechts aber auch über die Erfolge der CDU Mecklenburg-Vorpommern in den letzten Jahren. #akk #zeitfürdeutlicheWorte
"
tAZz7pa8eks,82,2020-06-12,@csumedia,https://www.youtube.com/watch?v=tAZz7pa8eks,"
Wir. Danken. Euch.

----------------------------------------

Der Beruf des Soldaten ist keiner wie jeder andere! Zusammen mit zivilen Mitarbeitern und Reservisten leisten Soldaten einen unverzichtbaren Beitrag für unser Land - sei es im Normalbetrieb, in der Corona-Krise oder in den Auslandseinsätzen auf drei Kontinenten. Es ist Zeit, wieder „Danke“ zu sagen. Es ist uns wichtig, obwohl der Tag der Bundeswehr ausfällt, trotzdem und gerade jetzt den Soldaten unsere Anerkennung auszudrücken! Zeig auch Du Deine Unterstützung für unsere Bundeswehr! Sag unseren Soldaten ""Danke"" und trag Dich jetzt auf unserer Webseite ein. www.wir-danken-euch.com
"
NU-O9MDtzoI,95,2018-02-13,@csumedia,https://www.youtube.com/watch?v=NU-O9MDtzoI,"
Andreas Scheuer erklärt, was ein Heimatministerium so macht.

----------------------------------------

Wir kämpfen für die Gleichwertigkeit der Lebensverhältnisse von Stadt und Land. Kluge Strukturpolitik wird eine zentrale Aufgabe des Heimatministeriums sein.
"
OnZiqxshpZQ,53,2018-09-19,@csumedia,https://www.youtube.com/watch?v=OnZiqxshpZQ,"
#bayerndigital - CSU mit FB Spaces

----------------------------------------

Mit klaren Positionen und inhaltsstarken Beiträgen tritt die CSU aktiv in den Dialog mit den Menschen.Wir erreichen so täglich über 100.00 Menschen über die sozialen Netzwerke. Mit FB Spaces springen wir in die virtuelle Welt und machen so politische Inhalte für Jedermann greifbar!
"
5-HbufuX6Dk,228,2017-12-16,@csumedia,https://www.youtube.com/watch?v=5-HbufuX6Dk,"
Eine neue Ära. #csupt17

----------------------------------------

Wichtige Weichenstellungen auf dem CSU-Parteitag 2017 in Nürnberg: Horst Seehofer​ wurde als CSU-Chef wiedergewählt und Markus Söder​ zum Spitzenkandidaten für die Landtagswahl 2018 gekürt. #löwenstark
"
aKIKzVFKe28,485,2018-03-14,@csumedia,https://www.youtube.com/watch?v=aKIKzVFKe28,"
#POLITIKSTÜBERL - Unser Team in Berlin | VLOG 005

----------------------------------------

Danke Horst Seehofer für 10 gute Jahre für Bayern! Außerdem stellen wir euch unsere Minister in der neuen Bundesregierung vor!
"
_TQNW0Vq7dc,2834,2018-05-11,@csumedia,https://www.youtube.com/watch?v=_TQNW0Vq7dc,"
360-Grad Söder Persönlich Spezial mit Ministerpräsident Markus Söder

----------------------------------------

Exklusiv in 360-Grad ein Söder Persönlich Spezial. Ministerpräsident Markus Söder über Heimat, Glauben, Sicherheit, Soziales und Visionen.
"
b6SHUPWdMEA,74,2021-09-24,@csumedia,https://www.youtube.com/watch?v=b6SHUPWdMEA,"
    Wahlaufruf von Bernd Fabritius für Deutsche aus Russland

    ----------------------------------------

    Zum CSU-Programm: https://www.csu.de/das-csu-programm
Mitglied werden: https://www.csu.de/jetzt-mitmachen/
_______________________

Folge uns auf
Facebook: https://www.facebook.com/csu
Twitter: https://twitter.com/csu
Instagram: https://www.instagram.com/christlichsozialeunion
"
OMDBCz7lG8Y,118,2019-03-26,@csumedia,https://www.youtube.com/watch?v=OMDBCz7lG8Y,"
#fragCSU - Uploadfilter

----------------------------------------

Unser Generalsekretär Markus Blume beantwortet eure drängendste Frage der letzten Tage. Das Thema heute: Uploadfilter. #fragCSU
"
6SqtfsGElp8,49,2018-03-16,@csumedia,https://www.youtube.com/watch?v=6SqtfsGElp8,"
Wir nehmen die Grenzsicherung ernst! Wir führen eine Grenzpolizei ein!

----------------------------------------

Wir Bayern wollen positive Standards setzen, die andere in Deutschland übernehmen können. Bayern ist das erste Bundesland, das wieder eine eigene Grenzpolizei einführt.
"
MGTKrSRQx5I,2064,2020-04-12,@csumedia,https://www.youtube.com/watch?v=MGTKrSRQx5I,"
EPISODE 5 ""Neue Töne"" - der Polit-Podcast der CSU mit Heinrich Bedford-Strohm

----------------------------------------

In der neuen Folge spricht der Landesbischof der Evangelisch-Lutherischen Kirche in Bayern, Heinrich Bedford-Strohm, mit CSU-Generalsekretär Markus Blume darüber, wen er an Ostern am meisten vermisst, den Sinn von Segens-Robotern, Seelsorge in der Corona-Krise und was Martin Luther mit der Digitalisierung zu tun hat.
"
FniyYQqEK5U,128,2019-08-24,@csumedia,https://www.youtube.com/watch?v=FniyYQqEK5U,"
#fragCSU - Soli

----------------------------------------

Wir sagen schon lange: Der Soli gehört in die Geschichtsbücher und nicht auf den Gehaltszettel der Bürger! Das ist auch Thema bei #fragCSU mit Generalsekretär Markus Blume.
"
GoXWqTQfSZA,355,2019-08-26,@csumedia,https://www.youtube.com/watch?v=GoXWqTQfSZA,"
Pressestatement vor der gemeinsamen Klausurtagung von CSU und CDU in Dresden

----------------------------------------

Statements von CSU-Generalsekretär Markus Blume und CDU-Generalsekretär Paul Ziemiak vor der gemeinsamen Klausurtagung von CSU und CDU in Dresden.
"
QokEiIh-3L0,82,2019-08-07,@csumedia,https://www.youtube.com/watch?v=QokEiIh-3L0,"
Fail des Tages I Fleischsteuer

----------------------------------------

Die Grünen wollen uns das Grillen vermiesen. Ein klares Nein zur Fleischsteuer sagt unser stellvertretender Generalsekretär Florian Hahn,  eben „Fail des Tages“.
"
7k75zRcfpJo,164,2018-02-22,@csumedia,https://www.youtube.com/watch?v=7k75zRcfpJo,"
    #POLITIKSTÜBERL Minispecial - Tag der Muttersprache VLOG 002

    ----------------------------------------

    Zum Tag der Muttersprache gibt es gleich einmal ein kleines Special. Wir sprechen nämlich bayrisch und zeigen euch noch das Service-Center der CSU.

- - -
Musik:

JUST BRAKE FREE by DJ QUADS

● No Copyright Music ● Vlog Music ● Youtube Background Music ● Creators Music ● Free Music for Youtube ● Free Music for Videos ● Free Music
"
1XUrMnS2328,188,2020-03-03,@csumedia,https://www.youtube.com/watch?v=1XUrMnS2328,"
Kommunalwahl 2020

----------------------------------------


"
-YMkFuGjPr4,83,2021-08-31,@csumedia,https://www.youtube.com/watch?v=-YMkFuGjPr4,"
Alexander Dobrindt spricht Klartext zur Richtungswahl 2021: Starke Mitte oder linkes Chaos?

----------------------------------------

Jetzt mit Alexander Dobrindt, Vorsitzender der CSU im Bundestag, Richtung entscheiden und Linksrutsch verhindern: https://www.linksrutsch-verhindern.de/ Am 26. September steht Deutschland vor einer Richtungsentscheidung: Starke Mitte oder linkes Chaos? Wir wollen entlasten statt belasten, Chancen statt Schulden, Arbeit statt Arbeitslosigkeit. Du auch? Dann unterstütze uns und trage Dich jetzt ein!
"
LThqNscG9oM,189,2018-03-09,@csumedia,https://www.youtube.com/watch?v=LThqNscG9oM,"
#POLITIKSTÜBERL - Flugtaxi | VLOG 004

----------------------------------------

Sie hat Flugtaxi gesagt! Warum mich die Empörung dazu einfach tierisch aufregt und worum es eigentlich gehen sollte.
"
5nGAIdJGQwI,99,2022-12-23,@csumedia,https://www.youtube.com/watch?v=5nGAIdJGQwI,"
Weihnachtsgruß 2022

----------------------------------------

Weihnachtsgruß 2022 des CSU-Generalsekretärs Martin Huber und der stv. Generalsekretärin Tanja Schorer-Dremel
"
7GHoyZNQask,44,2019-03-26,@csumedia,https://www.youtube.com/watch?v=7GHoyZNQask,"
Europawahlprogramm

----------------------------------------

CSU Generalsekretär zum gemeinsamen Wahlprogramm der CSU und CDU für die Europawahl 2019.
"
_Ap9qjTguIk,158,2019-06-04,@csumedia,https://www.youtube.com/watch?v=_Ap9qjTguIk,"
#fragCSU - Nach der Europawahl

----------------------------------------

Unser Generalsekretär Markus Blume beantwortet eure drängendste Frage der letzten Tage. Das Thema heute: Nach der Europawahl. #fragCSU
"
JS1xASvA4i4,247,2020-04-15,@csumedia,https://www.youtube.com/watch?v=JS1xASvA4i4,"
Behind the Scenes | Digital ist das neue Normal

----------------------------------------

Digital ist das neue Normal - kommt mit in die digitale Welt der CSU! In unserer ersten Episode zeigt euch Isabell einen Blick hinter die Kulissen und wie digitale Parteiarbeit in Zeiten von Corona funktioniert. Unser Generalsekretär Markus Blume erklärt, wie wir digital arbeiten und unsere Leitlinie ""Näher am Menschen"" auf allen Kanälen gestalten.
"
23kNEaaGoaA,42,2018-02-20,@csumedia,https://www.youtube.com/watch?v=23kNEaaGoaA,"
Der Aschermittwoch ist das Hochamt der CSU

----------------------------------------

Die CSU ist in Bestaufstellung. Unser stellvertretende Generalsekretär zieht ein Fazit zum Politischen Aschermittwoch 2018 in Passau.
"
uLW1retgmcE,103,2018-03-16,@csumedia,https://www.youtube.com/watch?v=uLW1retgmcE,"
Neuer Ministerpräsident Markus Söder

----------------------------------------

Machen und kümmern – das ist das Motto des neuen Bayerischen Ministerpräsidenten Markus Söder. #löwenstark
"
p1t8s75UqU4,175,2022-04-14,@csumedia,https://www.youtube.com/watch?v=p1t8s75UqU4,"
    Ostergruß des Generalsekretärs Stephan Mayer

    ----------------------------------------

    Mitglied werden: https://www.csu.de/jetzt-mitmachen/
_______________________

Folge uns auf
Facebook: https://www.facebook.com/csu
Twitter: https://twitter.com/csu
Instagram: https://www.instagram.com/christlichsozialeunion
"
b9gxf2047uc,2399,2019-09-07,@csumedia,https://www.youtube.com/watch?v=b9gxf2047uc,"
Pressekonferenz nach der Klimaklausur des CSU-Parteivorstands

----------------------------------------


"
hwPPuPU0uAk,2830,2020-07-25,@csumedia,https://www.youtube.com/watch?v=hwPPuPU0uAk,"
    EPISODE 6 - ""Neue Töne"" - der Polit-Podcast der CSU mit Alexander Herrmann

    ----------------------------------------

    In der 6. Episode von ""Neue Töne"" spricht Generalsekretär Markus Blume mit Sternekoch Alexander Herrmann über Leberkassemmeln in der Sterneküche, die Qualität von regionalen Lebensmitteln und über den Widerspruch von hochwertig und billig.

Jetzt den Podcast abonnieren auf Apple Podcasts, Google Podcasts, Spotify, Deezer und auf allen anderen Podcast-Plattformen:

🎧👇
Spotify: https://spoti.fi/2kt3u2d
Deezer: http://bit.ly/2jYQscC
TuneIn: http://bit.ly/2lQM002
"
F6MZtiDGdaM,113,2021-09-20,@csumedia,https://www.youtube.com/watch?v=F6MZtiDGdaM,"
    Richtungsentscheidung für Mütter

    ----------------------------------------

    Am 26. September mit beiden Stimmen CSU wählen!

Zum CSU-Programm: https://www.csu.de/das-csu-programm
Mitglied werden: https://www.csu.de/jetzt-mitmachen/
_______________________

Folge uns auf
Facebook: https://www.facebook.com/csu
Twitter: https://twitter.com/csu
Instagram: https://www.instagram.com/christlichsozialeunion
"
PrYugyjfFW4,2026,2019-08-26,@csumedia,https://www.youtube.com/watch?v=PrYugyjfFW4,"
Pressekonferenz nach der gemeinsamen Klausurtagung von CSU und CDU in Dresden

----------------------------------------

Pressekonferenz nach der gemeinsamen Klausurtagung von CSU und CDU in Dresden mit dem CSU-Vorsitzenden und Bayerischen Ministerpräsidenten Markus Söder, der CDU-Vorsitzenden und Bundesverteidigungsministerin Annegret Kramp-Karrenbauer, dem Landesvorsitzenden der CDU Sachsen und Ministerpräsidenten von Sachsen, Ministerpräsident Michael Kretschmer und dem Landesvorsitzenden der CDU Brandenburg, Ingo Senftleben. (Foto: Tobias Koch)
"
8a5r4knDn9E,151,2019-09-18,@csumedia,https://www.youtube.com/watch?v=8a5r4knDn9E,"
#fragCSU: Die Schwarze Null

----------------------------------------

Für die CSU ist klar: Es darf keine neuen Schulden im Bundeshaushalt geben. Das sind wir den nachfolgenden Generationen schuldig. Mehr dazu im Video mit Generalsekretär Markus Blume.
"
4IRx66EOOFM,70,2023-09-22,@csumedia,https://www.youtube.com/watch?v=4IRx66EOOFM,"
    Wir läuten die ganz heiße Wahlkampfphase ein! #CSUPT23

    ----------------------------------------

    🔹 Morgen startet der 90. CSU-Parteitag! Wir läuten die ganz heiße Wahlkampfphase ein und geben nochmal Vollgas! 💪🏼 Damit Bayern stark und stabil bleibt! Live aus München ab 10 Uhr unter www.csu.de/csu-live. #csupt23


___________________________________________________________


Mitglied werden: https://www.csu.de/jetzt-mitmachen/


Folge uns auf
Facebook: https://www.facebook.com/csu
Twitter: https://twitter.com/csu
Instagram: https://www.instagram.com/csu
"
8wMXQCWvhu8,185,2019-10-14,@csumedia,https://www.youtube.com/watch?v=8wMXQCWvhu8,"
#fragCSU: Hightech Agenda Bayern

----------------------------------------

Mit der Hightech Agenda Bayern beamen wir Bayern in die Zukunft! Wir investieren massiv in Forschung und neue Technologien, um auch in Zukunft in der Weltspitze mithalten zu können. Die bayerische Innovationsoffensive ist diese Woche auch Thema bei #fragCSU mit CSU-Generalsekretär Markus Blume.
"
iPKZDFAdIYs,133,2019-10-05,@csumedia,https://www.youtube.com/watch?v=iPKZDFAdIYs,"
#fragCSU - Nein zu Enteignungen!

----------------------------------------

Die bürgerliche Maske der Grünen ist nun endgültig gefallen: Sie sprechen sich offen für Enteignungen aus. Die sozialistischen Fantasien der Grünen waren diese Woche auch Thema bei #fragCSU mit CSU-Generalsekretär Markus Blume.
"
OEY5VH2iN2o,61,2022-10-27,@csumedia,https://www.youtube.com/watch?v=OEY5VH2iN2o,"
    Vorfreude auf den #csupt22

    ----------------------------------------

    🔹Morgen startet der CSU-Parteitag in Augsburg: Mit klarem Kurs durch die Krise! #csupt22
➡️ Den kompletten Parteitag im Livestream findet ihr unter: csu.de/csu-live/
"
QpBHsD1ZEz8,1755,2019-01-19,@csumedia,https://www.youtube.com/watch?v=QpBHsD1ZEz8,"
Rede Manfred Weber am #csupt19

----------------------------------------

CSU-Spitzenkandidat Manfred Weber spricht zum Leitantrag Europa.
"
o-TWs4Vr6Gg,193,2019-09-07,@csumedia,https://www.youtube.com/watch?v=o-TWs4Vr6Gg,"
Best of Klima-Klausurtagung Starnberg

----------------------------------------

Eben ist unsere zweitägige Klima-Klausur zu Ende gegangen. Wir sind die erste Partei, die ein umfassendes Klimaschutzkonzept vorlegt. Hier Impressionen von unserer Tagung in Feldafing am Starnberger See.
"
2YrunPpRXRE,191,2023-09-24,@csumedia,https://www.youtube.com/watch?v=2YrunPpRXRE,"
Damit Bayern stark und stabil bleibt! #csupt23

----------------------------------------

Das war der CSU-Parteitag in München. Damit Bayern stark und stabil bleibt! Am 8. Oktober mit beiden Stimmen CSU wählen! #csupt23
"
B5s57nSz12k,91,2021-09-20,@csumedia,https://www.youtube.com/watch?v=B5s57nSz12k,"
    Richtungsentscheidung für Familien

    ----------------------------------------

    Am 26. September mit beiden Stimmen CSU wählen!

Zum CSU-Programm: https://www.csu.de/das-csu-programm
Mitglied werden: https://www.csu.de/jetzt-mitmachen/
_______________________

Folge uns auf
Facebook: https://www.facebook.com/csu
Twitter: https://twitter.com/csu
Instagram: https://www.instagram.com/christlichsozialeunion
"
ejnejxxeOx4,103,2019-01-18,@csumedia,https://www.youtube.com/watch?v=ejnejxxeOx4,"
Ausblick von Generalsekretär Markus Blume

----------------------------------------

Letzte Vorbereitungen für den #CSUPT19. Stark für Bayern, näher am Menschen und offen für Neues!
"
G5CBslnIYbs,90,2018-09-24,@csumedia,https://www.youtube.com/watch?v=G5CBslnIYbs,"
Ja zu Bayern!

----------------------------------------

Es geht um Bayern! Am 14. Oktober bei der Landtagswahl mit beiden Stimmen CSU wählen!
"
IHmPYYkwsVE,2804,2019-10-17,@csumedia,https://www.youtube.com/watch?v=IHmPYYkwsVE,"
    EPISODE 2 -""Neue Töne"" -der Polit-Podcast der CSU mit Markus Söder

    ----------------------------------------

    CSU-Generalsekretär Markus Blume spricht mit dem Bayerischen Ministerpräsidenten und CSU-Parteivorsitzenden Markus Söder über dessen milliardenschwere Innovationspläne und über Spitzenforschung, welche Serien er besonders gerne schaut, warum er ein Gamer der ersten Stunde war und warum sein Platz in Bayern ist.

'Jetzt den „Neue Töne“-Podcast abonnieren auf Apple Podcasts, Google Podcasts, Spotify, Deezer und auf allen anderen Podcast-Plattformen:

🎧👇
Spotify: https://spoti.fi/2kt3u2d
Deezer: http://bit.ly/2jYQscC
TuneIn: http://bit.ly/2lQM002
"
m3w4xfimJEc,107,2019-11-18,@csumedia,https://www.youtube.com/watch?v=m3w4xfimJEc,"
Fail des Tages | Hartz-IV-Sanktionen

----------------------------------------

Linke und Grüne machen gemeinsame Sache und wollen die Hartz-IV-Sanktionen abschaffen. Ein klarer Verstoß gegen das Prinzip Fordern und Fördern, das Deutschland in diese wirtschaftlich starke Position gebracht hat. Wer das Fordern abschaffen will, macht Deutschland wieder zum kranken Mann Europas. Warum, erklärt Generalsekretär Markus Blume in unserem Fail des Tages.
"
B_Dc8FNLSEQ,55,2018-01-17,@csumedia,https://www.youtube.com/watch?v=B_Dc8FNLSEQ,"
BMW-Chef Harald Krüger über das Automobilland Bayern

----------------------------------------

.@BMW treibt von Bayern aus die #EMobilität-Offensive und Vernetzung voran, sagt @BMW-Vorstand Harald Krüger bei der Klausurtagung der @csu_lt in #Banz. #Banz18
"
DTrRshY0pv0,92,2021-08-21,@csumedia,https://www.youtube.com/watch?v=DTrRshY0pv0,"
    Wahlspot zur Bundestagswahl 2021 - Damit Bayern in Deutschland stark bleibt!

    ----------------------------------------

    Unser Wahlspot zur Bundestagswahl 2021
Damit Bayern in Deutschland stark bleibt!

Zum CSU-Programm: https://www.csu.de/das-csu-programm
Mitglied werden: https://www.csu.de/jetzt-mitmachen/
_______________________

Folge uns auf
Facebook: https://www.facebook.com/csu
Twitter: https://twitter.com/csu
Instagram: https://www.instagram.com/christlichsozialeunion
"
3ioncGVx710,214,2019-10-25,@csumedia,https://www.youtube.com/watch?v=3ioncGVx710,"
Eindrücke vom CSU-Parteitag 2019

----------------------------------------


"
l8rg5boVUHs,2884,2019-01-19,@csumedia,https://www.youtube.com/watch?v=l8rg5boVUHs,"
Rede von Markus Söder am #csupt19

----------------------------------------

Markus Söder: Seit der Gründung der CSU wollen wir das Beste für das Land und seine Menschen. Ich bin stolz und dankbar mich heute für diese Partei als Parteivorsitzender zur Wahl zu stellen.
"
983lQr9XElg,245,2021-09-16,@csumedia,https://www.youtube.com/watch?v=983lQr9XElg,"
    Unsere Ehrenvorsitzenden zur Richtungswahl am 26. September

    ----------------------------------------

    Stabilität statt Linksrutsch! Bei der Bundestagswahl mit beiden Stimmen CSU!

Zum CSU-Programm: https://www.csu.de/das-csu-programm
Mitglied werden: https://www.csu.de/jetzt-mitmachen/
_______________________

Folge uns auf
Facebook: https://www.facebook.com/csu
Twitter: https://twitter.com/csu
Instagram: https://www.instagram.com/christlichsozialeunion
"
j8atsr-VNbg,55,2019-12-23,@csumedia,https://www.youtube.com/watch?v=j8atsr-VNbg,"
Frohe Weihnachten!

----------------------------------------


"
N431nIgfOnA,121,2020-02-05,@csumedia,https://www.youtube.com/watch?v=N431nIgfOnA,"
Pressestatement von CSU-Chef und Ministerpräsident Markus Söder zur politischen Lage in Thüringen

----------------------------------------


"
g6juPMdhrV8,3074,2019-12-05,@csumedia,https://www.youtube.com/watch?v=g6juPMdhrV8,"
    EPISODE 3 ""Neue Töne"" - der Polit-Podcast der CSU mit Jan Fleischhauer

    ----------------------------------------

    In dieser Folge spricht CSU-Generalsekretär Markus Blume mit dem Journalisten und Kolumnisten Jan Fleischhauer über Greta Thunberg, Wasserwerfer, warum der Finanzminister nicht mehr Geld bekommen sollte und was es im 21. Jahrhundert heißt, konservativ zu sein. Jetzt den „Neue Töne“-Podcast abonnieren auf Apple Podcasts, Google Podcasts, Spotify, Deezer und auf allen anderen Podcast-Plattformen:

ApplePodcast: https://apple.co/2lyDB1e
Spotify: https://spoti.fi/2kt3u2d
Deezer: http://bit.ly/2jYQscC
TuneIn: http://bit.ly/2lQM002
"
LCVTzf2FDoE,77,2021-06-25,@csumedia,https://www.youtube.com/watch?v=LCVTzf2FDoE,"
CSU-Listenaufstellung Bundestagswahl Aufbau

----------------------------------------

Eine echte Premiere für die CSU: zum ersten Mal die Aufstellung der Bundestagswahl-Liste im Fußball-Stadion. Anpfiff ist um 10.30 Uhr!
"
QAyiN46sUSs,83,2021-09-20,@csumedia,https://www.youtube.com/watch?v=QAyiN46sUSs,"
    Richtungsentscheidung für Pendler

    ----------------------------------------

    Am 26. September mit beiden Stimmen CSU wählen!

Zum CSU-Programm: https://www.csu.de/das-csu-programm
Mitglied werden: https://www.csu.de/jetzt-mitmachen/
_______________________

Folge uns auf
Facebook: https://www.facebook.com/csu
Twitter: https://twitter.com/csu
Instagram: https://www.instagram.com/christlichsozialeunion
"
NwLiQzuriCM,157,2018-12-06,@csumedia,https://www.youtube.com/watch?v=NwLiQzuriCM,"
#fragCSU: Digitalpakt

----------------------------------------

Unser Generalsekretär Markus Blume beantwortet eure drängendste Frage der letzten Tage. Das Thema heute: Digitalpakt. #fragCSU
"
hptuqCmVHos,90,2021-09-21,@csumedia,https://www.youtube.com/watch?v=hptuqCmVHos,"
    Richtungsentscheidung für Landwirte

    ----------------------------------------

    Zum CSU-Programm: https://www.csu.de/das-csu-programm
Mitglied werden: https://www.csu.de/jetzt-mitmachen/
_______________________

Folge uns auf
Facebook: https://www.facebook.com/csu
Twitter: https://twitter.com/csu
Instagram: https://www.instagram.com/christlichsozialeunion
"
pJlqR0IAQXQ,1092,2019-01-19,@csumedia,https://www.youtube.com/watch?v=pJlqR0IAQXQ,"
Rede von Horst Seehofer am #csupt19

----------------------------------------

Horst Seehofer: Ich gebe das Amt des Vorsitzenden in die Hände meiner Partei zurück. Die Übergabe eines Amtes ist Normalität. Ich gebe das Amt weiter, aber es bleibt bei mir ein glühendes Herz für meine politische Familie CSU!
"
EFBRXlJJMIc,1424,2019-02-07,@csumedia,https://www.youtube.com/watch?v=EFBRXlJJMIc,"
Q&A mit Markus Söder

----------------------------------------

Live Q&A mit Markus Söder auf Facebook
"
6p0dY2nx8cU,47,2019-10-23,@csumedia,https://www.youtube.com/watch?v=6p0dY2nx8cU,"
Einladung für LeFloid

----------------------------------------

Lieber LeFloid, wir haben in Deinem neuesten Video gehört, Du willst eine Einladung zu unserem Parteitag. Das finden wir gut. Unser Generalsekretär Markus Blume freut sich schon auf den Dialog.
"
k1zfqRGC_tQ,365,2021-09-11,@csumedia,https://www.youtube.com/watch?v=k1zfqRGC_tQ,"
    Der CSU-Parteitag 2021 - Stabilität statt Linksrutsch

    ----------------------------------------

    Der Countdown läuft! Die Linken haben noch nicht gewonnen! Wir kämpfen für ein starkes Bayern bei der Bundestagswahl!

Zum CSU-Programm: https://www.csu.de/das-csu-programm
Mitglied werden: https://www.csu.de/jetzt-mitmachen/
_______________________

Folge uns auf
Facebook: https://www.facebook.com/csu
Twitter: https://twitter.com/csu
Instagram: https://www.instagram.com/christlichsozialeunion
"
0KX3HVSdvcE,56,2021-09-20,@csumedia,https://www.youtube.com/watch?v=0KX3HVSdvcE,"
    Richtungsentscheidung für Gastronomen

    ----------------------------------------

    Am 26. September mit beiden Stimmen CSU wählen!

Zum CSU-Programm: https://www.csu.de/das-csu-programm
Mitglied werden: https://www.csu.de/jetzt-mitmachen/
_______________________

Folge uns auf
Facebook: https://www.facebook.com/csu
Twitter: https://twitter.com/csu
Instagram: https://www.instagram.com/christlichsozialeunion
"
DnYEqGSM9mQ,2815,2020-01-17,@csumedia,https://www.youtube.com/watch?v=DnYEqGSM9mQ,"
    EPISODE 4 ""Neue Töne"" - der Polit-Podcast der CSU mit Kristina Frank

    ----------------------------------------

    Dieses Mal spricht Generalsekretär Markus Blume mit der Münchner OB-Kandidatin Kristina Frank über das Leben in Ballungsräumen, besondere Orte für Yoga und was zum Herz der bayerischen Landeshauptstadt gehört.

Jetzt den CSU-Podcast „Neue Töne“ abonnieren auf Apple Podcasts, Google Podcasts, Spotify, Deezer und auf allen anderen Podcast-Plattformen.
Mehr zum Podcast unter https://csu.de/podcast
"
5TGUcgIa7go,134,2019-04-01,@csumedia,https://www.youtube.com/watch?v=5TGUcgIa7go,"
CSU Europawahl

----------------------------------------


"
CYlVJjNabC0,230,2021-05-09,@spdde,https://www.youtube.com/watch?v=CYlVJjNabC0,"
    Ein souveränes Europa in der Welt

    ----------------------------------------

    Nun werden die letzten beiden Kapitel unseres Zukunftsprogramms „Souveränes Europa in der Welt“ und „Zukunft, Respekt und ein solidarisches Europa – Leitgedanken für ein neues Jahrzehnt“ beraten. Verbunden in Freiheit durch offene Grenzen. Gemeinsam mehr schaffen. Dafür wollen wir Europa stärker machen, moderner und schneller. „Es sind vor allem die europäischen Nachbarn, die uns zum Exportweltmeister machen“, sagt der SPD-Vorsitzende Norbert Walter-Borjans. „Wenn wir digital und technologisch mit China und den USA Schritt halten wollen, dann geht das nur mit einem Europa, dass seine Kraft als wirkliche Gemeinschaft auf die Piste bringt.“
Unser Zukunftsprogramm: https://www.spd.de/programm/
Mehr zum Parteitag : https://parteitag.spd.de
"
9YF47uVFqTs,1299,2023-05-23,@spdde,https://www.youtube.com/watch?v=9YF47uVFqTs,"
    Saskia Esken | Fortschritt braucht Gerechtigkeit – seit 160 Jahren Ideen für morgen

    ----------------------------------------

    Die SPD-Vorsitzende Saskia Esken hält bei der Jubiläumsveranstaltung der SPD eine Rede. Mehr: https://www.spd.de/160-jahre

▬ Über diesen Kanal ▬▬▬▬▬▬▬▬▬▬▬▬
Die SPD macht Soziale Politik für Dich. Wie genau, das zeigen wir Dir hier auf YouTube. Mit Videos, die unsere aktuellen Gesetzesvorhaben erklären. Außerdem laden wir regelmäßig die besten Reden unserer Spitzenpolitiker*innen hoch.

Jetzt den YouTube-Kanal abonnieren: https://www.youtube.com/c/spdde?sub_confirmation=1

▬ Mehr von der SPD ▬▬▬▬▬▬▬▬▬▬▬▬
Unser Merchandise: https://shop.spd.de/
Unseren Newsletter abonnieren:  https://www.spd.de/newsletter
Jetzt Mitglied werden: https://www.spd.de/unterstuetzen/mitglied-werden

▬ Social Media ▬▬▬▬▬▬▬▬▬▬▬▬
► Instagram: https://www.instagram.com/spdde/
► Facebook: https://www.facebook.com/SPD
► Twitter: https://twitter.com/spdde
► Telegram: https://telegram.me/SPD_Bund_bot

#SPD
"
P6BvrrtLOU4,864,2021-06-20,@spdde,https://www.youtube.com/watch?v=P6BvrrtLOU4,"
Klingbeil: Mach mit und gestalte jetzt gemeinsam mit Olaf Scholz die Zukunft!

----------------------------------------

Wir haben einen Plan für das Jahrzehnt. Wir haben die richtigen Leute, um diesen Plan umzusetzen. Und wir haben den richtigen Mann für das Kanzleramt: Olaf Scholz. Jetzt die Begrüßung von SPD-Generalsekretär Lars Klingbeil beim #Zukunftscamp anschauen! Mehr: https://link.spd.de/yt-zukunftscamp
"
xwXJzF4PFH4,627,2017-12-09,@spdde,https://www.youtube.com/watch?v=xwXJzF4PFH4,"
Schlusswort von Martin Schulz

----------------------------------------

Parteichef Martin Schulz hält das Schlusswort auf dem Ordentlichen Bundesparteitag 2017 in Berlin.
"
ihrfwwc1-Z4,252,2023-04-06,@spdde,https://www.youtube.com/watch?v=ihrfwwc1-Z4,"
    Deutschlandticket: Jetzt kaufen und günstig durchs ganze Land fahren

    ----------------------------------------

    Mit dem ÖPNV durch ganz Deutschland fahren: Das geht mit dem Deutschlandticket (49-Euro-Ticket). Wir zeigen Dir, wo Du es kaufen kannst, welche Vorteile Du damit hast und wen Du damit mitnehmen kannst.

▬ erwähnte Links ▬▬▬▬▬▬▬▬▬▬▬▬

Zur App ""Dein Deutschlandticket"": https://www.dein-deutschlandticket.de/

Unsere Tipps für tolle Bahnstrecken, die Du mit dem Deutschlandticket fahren kannst: https://www.spd.de/deutschlandticket

▬ Kapitel im Video ▬▬▬▬▬▬▬▬▬▬▬▬

00:00 Das Deutschlandticket kommt!
00:30 Ab wann gilt es?
00:59 Wie kann man es kündigen?
01:24 Mit welcher Bahn darf ich fahren?
02:07 Per App buchen
02:35 Was wird aus bestehenden Abonnements
02:54 Als Jobticket nutzen
03:18 Was ist mit Studierenden? (Semesterticket)
03:48 Kinder

▬ Über diesen Kanal ▬▬▬▬▬▬▬▬▬▬▬▬
Die SPD macht Soziale Politik für Dich. Wie genau, das zeigen wir Dir hier auf YouTube. Mit Videos, die unsere aktuellen Gesetzesvorhaben erklären. Außerdem laden wir regelmäßig die besten Reden unserer Spitzenpolitiker*innen hoch.

Jetzt den YouTube-Kanal abonnieren: https://www.youtube.com/c/spdde?sub_confirmation=1

▬ Mehr von der SPD ▬▬▬▬▬▬▬▬▬▬▬▬
Unser Merchandise: https://shop.spd.de/
Unseren Newsletter abonnieren:  https://www.spd.de/newsletter
Jetzt Mitglied werden: https://www.spd.de/unterstuetzen/mitglied-werden

▬ Social Media ▬▬▬▬▬▬▬▬▬▬▬▬
► Instagram: https://www.instagram.com/spdde/
► Facebook: https://www.facebook.com/SPD
► Twitter: https://twitter.com/spdde
► Telegram: https://telegram.me/SPD_Bund_bot

#SPD #deutschlandticket #49euroticket #bahn #urlaub #pendeln
"
n6VEgexUadE,253,2017-12-07,@spdde,https://www.youtube.com/watch?v=n6VEgexUadE,"
    Natascha Kohnen: Vorstellungsrede als stellvertretende Parteivorsitzende

    ----------------------------------------

    Ordentlicher Bundesparteitag in Berlin, 7.-9.12.2017
#SPDerneuern
Das ist unser Weg: Modern und gerecht.
"
-a_XEMKD6OE,80,2023-07-13,@spdde,https://www.youtube.com/watch?v=-a_XEMKD6OE,"
    Warum wir das #Ehegattensplitting abschaffen wollen

    ----------------------------------------

    👪👨‍👨‍👧👩‍👧 Ehegattensplitting abschaffen, antiquierte Rollenbilder überwinden!

🦇 Nach mehr als 60 Jahren ist das #Ehegattensplitting nicht mehr zeitgemäß. Es ist Ausdruck eines überholten Familienmodells, in dem der Mann das Geld verdient, während die Frau zu Hause bleibt und Haus und Kinder hütet. Wir finden, dieses unter Konrad Adenauer (CDU) eingeführte Konzept gehört in die Mottenkiste und sollte durch eine gerechte und moderne Steuerpolitik ersetzt werden.

💡 Daher wollen wir das Ehegattensplitting für künftige Ehen durch eine gerechtere Form der Einkommensteuer ersetzen. Das würde die Eigenständigkeit von Frauen fördern, einen Beitrag zur Fachkräftesicherung leisten und eine gerechtere Familienpolitik ermöglichen.

📣 💬 ✨ Wie stehst Du zum Ehegattensplitting, welche Erfahrungen hast Du gemacht? Schreibt es uns mal in die Kommentare.

Lass uns gemeinsam für Gerechtigkeit und Gleichstellung kämpfen!

#SozialePolitikFürDich #Ehegattensplitting #FamilienFördern

▬ Über diesen Kanal ▬▬▬▬▬▬▬▬▬▬▬▬
Die SPD macht Soziale Politik für Dich. Wie genau, das zeigen wir Dir hier auf YouTube. Mit Videos, die unsere aktuellen Gesetzesvorhaben erklären. Außerdem laden wir regelmäßig die besten Reden unserer Spitzenpolitiker*innen hoch.

Jetzt den YouTube-Kanal abonnieren: https://www.youtube.com/c/spdde?sub_confirmation=1

▬ Mehr von der SPD ▬▬▬▬▬▬▬▬▬▬▬▬
Unser Merchandise: https://shop.spd.de/
Unseren Newsletter abonnieren:  https://www.spd.de/newsletter
Jetzt Mitglied werden: https://www.spd.de/unterstuetzen/mitglied-werden

▬ Social Media ▬▬▬▬▬▬▬▬▬▬▬▬
► Instagram: https://www.instagram.com/spdde/
► Facebook: https://www.facebook.com/SPD
► Twitter: https://twitter.com/spdde
► Telegram: https://telegram.me/SPD_Bund_bot

#SPD
"
gbkEVBntKPE,55,2021-05-18,@spdde,https://www.youtube.com/watch?v=gbkEVBntKPE,"
Olaf Scholz tritt an für eine Gesellschaft des Respekts

----------------------------------------

Unser Kanzlerkandidat Olaf Scholz tritt bei der Bundestagswahl an für eine Gesellschaft des Respekts. Eine Gesellschaft, in der jede und jeder geachtet wird. Denn nur gemeinsam kommen wir voran, nur gemeinsam können wir eine Allianz für den dringend notwendigen Fortschritt in unserem Land bilden. Die SPD als Volkspartei ist es bis heute, die Gruppen und Generationen unter einem Dach zusammenbringt wie keine andere Partei in Deutschland. Mehr erfahren: https://www.spd.de/respekt/respekt/
"
QGp6SlFo3Q8,986,2021-08-14,@spdde,https://www.youtube.com/watch?v=QGp6SlFo3Q8,"
    Saskia Esken & Norbert Walter Borjans | Respekt für Dich.

    ----------------------------------------

    Olaf Scholz und die SPD haben ein klares Leitbild: Wir wollen eine Gesellschaft des Respekts. Das machten die SPD-Vorsitzenden Saskia Esken und Norbert Walter-Borjans beim Wahlkampfauftakt der SPD in Bochum klar. #ScholzPacktDasAn
Mehr: https://www.spd.de/aktuelles/detail/news/aufbruch-1/14/8/2021/
"
_d8z4K5rW78,79,2021-08-14,@spdde,https://www.youtube.com/watch?v=_d8z4K5rW78,"
    Sebastian Krumbiegel | Warum Sozialdemokratie?

    ----------------------------------------

    Sebastian Krumbiegel ist Sänger und Frontmann der Band ""Die Prinzen"" Was er von Olaf Scholz und der SPD hält? Jetzt anschauen!
Deutschlands Zukunft: Scholz packt das an. https://www.spd.de/programm/lp-btw21/
"
zkWbIpUgJl8,1298,2021-05-31,@spdde,https://www.youtube.com/watch?v=zkWbIpUgJl8,"
Olaf Scholz' Plan für Ostdeutschland

----------------------------------------

Olaf Scholz will einen neuen Aufbruch für Ostdeutschland. Fortschritt und gute Lebenschancen. Mit einem klaren Plan, dem Zukunftsprogramm der SPD. Mehr erfahren: https://www.spd.de/ostkonvent/
"
ROg_yvvFoVw,245,2019-12-06,@spdde,https://www.youtube.com/watch?v=ROg_yvvFoVw,"
    Wahl der stellvertretenden Parteivorsitzenden

    ----------------------------------------

    Fünf stellvertretende Parteivorsitzende werden zukünftig an der Seite unserer Doppelspitze stehen: Herzlichen Glückwunsch an Klara Geywitz, Hubertus Heil, Kevin Kühnert, Serpil Midyatli und Anke Rehlinger.
Mehr Infos: https://indieneuezeit.spd.de
"
kz0g7sCfDmg,266,2023-06-27,@spdde,https://www.youtube.com/watch?v=kz0g7sCfDmg,"
    Fachkräfte-Einwanderung: Hakan kommentiert eure Kommentare | Bullshit-Bingo

    ----------------------------------------

    👷🏻‍♀️💕 Deutschland bekommt das modernste Einwanderungsrecht. Und dazu gab es einige Fragen und Kommentare im Netz! Der Berliner SPD-Bundestagsabgeordnete Hakan Demir hat in die Kommentarspalte geschaut und beantwortet euch hier einige Schmankerl.

Mehr Infos findet ihr hier: https://link.spd.de/ArbeitYT1

#Fachkräftesicherung #Fachkräfteeinwanderung #Kommentarekommentiert

▬ Kapitel im Video ▬▬▬▬▬▬▬▬▬▬▬▬
00:00 Bullshit-Bingo, los gehts
00:20 No.1: Azubis
01:05 No. 2: Lohndumping
01:39 No.3: Arbeitsmarkt-Alarm
01:55 No.4: RIP Germany
02:29 No.5: Geringqualifizierte
03:47 No. 6: Von der Schweiz lernen

▬ Über diesen Kanal ▬▬▬▬▬▬▬▬▬▬▬▬
Die SPD macht Soziale Politik für Dich. Wie genau, das zeigen wir Dir hier auf YouTube. Mit Videos, die unsere aktuellen Gesetzesvorhaben erklären. Außerdem laden wir regelmäßig die besten Reden unserer Spitzenpolitiker*innen hoch.

Jetzt den YouTube-Kanal abonnieren: https://www.youtube.com/c/spdde?sub_confirmation=1

▬ Mehr von der SPD ▬▬▬▬▬▬▬▬▬▬▬▬
Unser Merchandise: https://shop.spd.de/
Unseren Newsletter abonnieren:  https://www.spd.de/newsletter
Jetzt Mitglied werden: https://www.spd.de/unterstuetzen/mitglied-werden

▬ Social Media ▬▬▬▬▬▬▬▬▬▬▬▬
► Instagram: https://www.instagram.com/spdde/
► Facebook: https://www.facebook.com/SPD
► Twitter: https://twitter.com/spdde
► Telegram: https://telegram.me/SPD_Bund_bot

#SPD
"
PwWDtc8fk64,252,2019-09-25,@spdde,https://www.youtube.com/watch?v=PwWDtc8fk64,"
Christina Kampmann & Michael Roth

----------------------------------------

Deine Spitze. Deine Verantwortung. Bestimme vom 14. - 25.10. Deine Favoriten! Sieben Teams werben um die SPD-Basis. Starke Persönlichkeiten mit spannenden Ideen für unsere SPD – und für die Zukunft in unserem Land. Lerne das Team Christina Kampmann & Michael Roth näher kennen! Alle Infos: https://unsere.spd.de
"
YpLJp5kItGA,3753,2018-11-11,@spdde,https://www.youtube.com/watch?v=YpLJp5kItGA,"
    Jenseits des Plattformkapitalismus

    ----------------------------------------

    Mit Eva Högl, Paul Nemitz, Ulrich Kelber, Christian Humborg

Das Internet ist eine große Chance für Freiheit und Partizipation. Allerdings sehen wir aktuell stark gegenläufige Entwicklungen, die auf Unternehmensinteressen, Überwachung und Machtaufbau fixiert sind. Persönliche Daten werden benützt, um Verhalten vorherzusagen und zu beeinflussen. Menschen werden zunehmend vermessen und oft im Verborgen bewertet. Wir fragen: Hat Europa die Chance, dem etwas entgegenzusetzen und das Internet zu einem Ort zu machen, der den Menschen dient?
"
RJ7jP2BEkO0,670,2020-06-12,@spdde,https://www.youtube.com/watch?v=RJ7jP2BEkO0,"
In die neue Zeit Online Konferenz: Arbeitswelten - Hubertus Heil

----------------------------------------


"
QxVK1JumzS0,19,2019-11-23,@spdde,https://www.youtube.com/watch?v=QxVK1JumzS0,"
#UnsereSPD: Jetzt abstimmen!

----------------------------------------

Am 30.11. endet die Stichabstimmung unseres Mitgliederentscheids zum SPD-Parteivorsitz. Bis 29.11. könnt ihr noch abstimmen - los geht's! Alle Infos hier: https://unsere.spd.de
"
5VGV3wKcKn0,575,2023-12-08,@spdde,https://www.youtube.com/watch?v=5VGV3wKcKn0,"
    Rede von Hubertus Heil | SPD-Parteitag 2023

    ----------------------------------------

    Alles zum ordentlichen Bundesparteitag findest du unter https://parteitag.spd.de/.

Wir wollen, dass Deutschland ein starkes, gerechtes Land ist, das den klimaneutralen Umbau meistert. Deshalb legen wir auf unserem Bundesparteitag einen Plan für die Modernisierung unseres Landes vor.

#spdbpt23

▬ Über diesen Kanal ▬▬▬▬▬▬▬▬▬▬▬▬
Die SPD macht Soziale Politik für Dich. Wie genau, das zeigen wir Dir hier auf YouTube. Mit Videos, die unsere aktuellen Gesetzesvorhaben erklären. Außerdem laden wir regelmäßig die besten Reden unserer Spitzenpolitiker*innen hoch.

Jetzt den YouTube-Kanal abonnieren: https://www.youtube.com/c/spdde?sub_confirmation=1

▬ Mehr von der SPD ▬▬▬▬▬▬▬▬▬▬▬▬
Unser Merchandise: https://shop.spd.de/
Unseren Newsletter abonnieren:  https://www.spd.de/newsletter
Jetzt Mitglied werden: https://www.spd.de/unterstuetzen/mitglied-werden

▬ Social Media ▬▬▬▬▬▬▬▬▬▬▬▬
► Instagram: https://www.instagram.com/spdde/
► Facebook: https://www.facebook.com/SPD
► Twitter: https://twitter.com/spdde
► WhatsApp: https://www.spd.de/unterstuetzen/whatsapp

#SPD
"
mPwubx5LFt4,278,2021-05-09,@spdde,https://www.youtube.com/watch?v=mPwubx5LFt4,"
    Steuergerechtigkeit – jetzt!

    ----------------------------------------

    Die SPD will ein gerechteres Steuersystem. „Die Folgen der Krise gehören nicht auf die Schultern der großen Mehrheit von Klein- und Mittelverdienenden. Im Gegenteil: Der allergrößte Teil braucht eine Entlastung. Das steigert im Übrigen die Kaufkraft und kurbelt die Konjunktur an“, betont der Parteichef. Zum Ausgleich sei es gerecht, wenn die oberen fünf Prozent der Einkommen und das obere eine Prozent der Top-Vermögen einen zumutbar höheren Beitrag leisten.

Mehr zum Parteitag findet Ihr auf https://parteitag.spd.de
"
jRaKhlA7GVY,6717,2018-11-29,@spdde,https://www.youtube.com/watch?v=jRaKhlA7GVY,"
3. SPD-Impulsveranstaltung – Demokratie im Netz verteidigen

----------------------------------------

Diese Frage diskutierten SPD-Generalsekretär Lars Klingbeil, die Netz-Aktivistin Sonja Boddin und Oberstaatsanwalt Markus Hartmann am 28.11.2018 in einer Impulsveranstaltung der SPD im Willy-Brandt-Haus.
"
u4JBAvRo44M,2161,2021-08-14,@spdde,https://www.youtube.com/watch?v=u4JBAvRo44M,"
    Olaf Scholz: Aufbruch!

    ----------------------------------------

    „Ein Aufbruch ist möglich für unser Land“, machte SPD-Kanzlerkandidat Olaf Scholz beim Wahlkampfauftakt in Bochum klar. „Wir können eine Regierung bekommen, die die Zukunftsaufgaben anpackt.“ Die SPD stehe dafür bereit. #ScholzPacktDasAn
Mehr: https://www.spd.de/aktuelles/detail/news/aufbruch-1/14/8/2021/
"
sqhCDby5--U,8678,2020-06-16,@spdde,https://www.youtube.com/watch?v=sqhCDby5--U,"
    ""In die neue Zeit""-Online-Konferenz: Innovationskultur

    ----------------------------------------

    Was sind die Zukunftsfelder, in denen in den kommenden Jahren Innovationen entstehen? Welche innovativen Entwicklungen lassen sich schon heute voraussehen? Wie entwickeln wir eine Innovationskultur, die auch Fehler zulässt, selbst wenn sie Geld kosten? Welche Rahmenbedingungen brauchen wir, um innovativ zu sein, und wie können Politik, Wirtschaft und Wissenschaft diese gemeinsam schaffen? Wie entstehen neben technologischen auch soziale Innovationen? Kann die öffentliche Hand Innovationstreiber sein?

Über diese wichtigen Zukunftsfragen kommen Lars Klingbeil und Anke Rehlinger in dieser Online-Konferenz mit fünf digital zugeschalteten Expert*innen in Gespräch: Rafael Laguna de la Vera (Gründungsdirektor der Agentur für Sprunginnovationen), Cornelia Daheim (Foresight-Expertin und Unternehmerin), Andreas Kuhlmann (Vorsitzender der Geschäftsführung, Deutsche-Energie-Agentur), Markus Fuß (Gewerkschaftssekretär bei ver.di) und Marion A. Weissenberger-Eibl (Leiterin des Fraunhofer-Institut für System- und Innovationsforschung). Die Moderation übernimmt die Journalistin und Autorin Hatice Akyün.
"
Y8JWqzIEkYg,41,2021-08-04,@spdde,https://www.youtube.com/watch?v=Y8JWqzIEkYg,"
Was ist eigentlich alles drin, wenn man die SPD wählt?

----------------------------------------

Wir sind überzeugt: Die Zeit, die vor uns liegt, verlangt neue Antworten. Für 83 Millionen. Für Dich – und mit Dir. Mach mit! https://www.spd.de/
"
rxLzgfY3FHc,236,2022-10-01,@spdde,https://www.youtube.com/watch?v=rxLzgfY3FHc,"
    Der 12-Euro-Mindestlohn kommt! Millionen Menschen profitieren

    ----------------------------------------

    Wir erhöhen den Mindestlohn auf 12 Euro. Das ist gerecht, denn Millionen Menschen arbeiten jeden Tag hart und haben Respekt verdient. Im Video besucht Kevin Kühnert @KuehniKev einen Supermarkt, in dem die Mitarbeiter*innen jetzt vom höheren Mindestlohn profitieren.

▬ erwähnte Links ▬▬▬▬▬▬▬▬▬▬▬▬

Bleibe auf dem Laufenden über die SPD:  https://www.spd.de/newsletter

Jetzt Mitglied werden: https://www.spd.de/unterstuetzen/mitglied-werden

▬ Kapitel im Video ▬▬▬▬▬▬▬▬▬▬▬▬
00:00 Millionen profitieren vom Mindestlohn
02:02 Gespräch mit Filialleiterin Cindy Neumann
02:56 Gespräch mit dem Betriebsrat
03:15 Kevin: Wie Du uns unterstützen kannst

▬ Über diesen Kanal ▬▬▬▬▬▬▬▬▬▬▬▬
Die SPD macht Soziale Politik für Dich. Wie genau, das zeigen wir Dir hier auf YouTube. Mit Videos, die unsere aktuellen Gesetzesvorhaben erklären. Außerdem laden wir regelmäßig die besten Reden unserer Spitzenpolitiker*innen hoch.

Jetzt den YouTube-Kanal abonnieren: https://www.youtube.com/c/spdde?sub_confirmation=1

▬ Mehr von der SPD ▬▬▬▬▬▬▬▬▬▬▬▬
Unser Merchandise: https://shop.spd.de/
Unseren Newsletter abonnieren:  https://www.spd.de/newsletter
Jetzt Mitglied werden: https://www.spd.de/unterstuetzen/mitglied-werden

▬ Social Media ▬▬▬▬▬▬▬▬▬▬▬▬
► Instagram: https://www.instagram.com/spdde/
► Facebook: https://www.facebook.com/SPD
► Twitter: https://twitter.com/spdde
► Telegram: https://telegram.me/SPD_Bund_bot

#SPD
"
n1Qop52YXkw,591,2022-02-05,@spdde,https://www.youtube.com/watch?v=n1Qop52YXkw,"
Hohe Energiepreise: Wie sorgt die SPD für bezahlbares Wohnen, Mieten und Bauen, Kevin Kühnert?

----------------------------------------

Viele Menschen haben uns Nachrichten und Kommentare geschrieben, weil die Kosten für Strom und Heizen in den vergangenen Wochen stark gestiegen sind. Vor allem Menschen mit kleineren Einkommen trifft das besonders hart. Unser Generalsekretär Kevin Kühnert möchte deshalb in dieser Videobotschaft mit euch darüber sprechen, wie die SPD und die Ampelkoalition Millionen Menschen in Deutschland helfen will. Wie können wir dafür sorgen, dass Menschen sich gutes Wohnen, Mieten und Bauen leisten können? Nimm dir ein paar Minuten Zeit und höre dir an, was Kevin dir sagen möchte.
"
61HOB-2akHM,2510,2022-06-22,@spdde,https://www.youtube.com/watch?v=61HOB-2akHM,"
Klingbeil: Zeitenwende - Der Beginn einer neuen Ära

----------------------------------------

Der SPD-Vorsitzende Lars Klingbeil legt bei der Tiergartenkonferenz der Friderich-Ebert-Stiftung in einer vielbeachteten Rede seine Grundzüge für eine künftige Außen- und Sicherheitspolitik dar. Deutschland müsse als starke Demokratie mitten in Europa mehr Verantwortung übernehmen - gemeinsam mit seinen europäischen Partnern. Mehr: https://www.spd.de/aktuelles/detail/news/zeitenwende-der-beginn-einer-neuen-aera/22/6/2022/
"
2OKpG34qoxQ,88,2021-08-14,@spdde,https://www.youtube.com/watch?v=2OKpG34qoxQ,"
    Marie von den Benken | Warum Sozialdemokratie?

    ----------------------------------------

    Marie von den Benken ist Model, Autorin, Influencerin – und SPD-Mitglied. Was sie sich von Olaf Scholz und der SPD wünscht? Jetzt anschauen!
Deutschlands Zukunft: Scholz packt das an. https://www.spd.de/programm/lp-btw21/
"
bW-NTvaatsA,1392,2019-03-23,@spdde,https://www.youtube.com/watch?v=bW-NTvaatsA,"
    Rede der Spitzenkandidatin Katarina Barley

    ----------------------------------------

    Kommt zusammen! Macht Europa stark.
Auf dem Europakonvent beschließt die SPD ihr Programm für ein soziales Europa. Für uns ist klar: Europa ist die Antwort auf die Herausforderungen unserer Zeit. Wir wollen mehr Europa wagen!
#EuropaistdieAntwort
Mehr Infos auf https://www.spd.de/europa-ist-die-antwort/.
"
xju8MixDcys,1368,2023-12-08,@spdde,https://www.youtube.com/watch?v=xju8MixDcys,"
    Eröffnung Malu Dreyer | SPD-Parteitag 2023

    ----------------------------------------

    Alles zum ordentlichen Bundesparteitag findest du unter https://parteitag.spd.de/.

Wir wollen, dass Deutschland ein starkes, gerechtes Land ist, das den klimaneutralen Umbau meistert. Deshalb legen wir auf unserem Bundesparteitag einen Plan für die Modernisierung unseres Landes vor.

#spdbpt23

▬ Über diesen Kanal ▬▬▬▬▬▬▬▬▬▬▬▬
Die SPD macht Soziale Politik für Dich. Wie genau, das zeigen wir Dir hier auf YouTube. Mit Videos, die unsere aktuellen Gesetzesvorhaben erklären. Außerdem laden wir regelmäßig die besten Reden unserer Spitzenpolitiker*innen hoch.

Jetzt den YouTube-Kanal abonnieren: https://www.youtube.com/c/spdde?sub_confirmation=1

▬ Mehr von der SPD ▬▬▬▬▬▬▬▬▬▬▬▬
Unser Merchandise: https://shop.spd.de/
Unseren Newsletter abonnieren:  https://www.spd.de/newsletter
Jetzt Mitglied werden: https://www.spd.de/unterstuetzen/mitglied-werden

▬ Social Media ▬▬▬▬▬▬▬▬▬▬▬▬
► Instagram: https://www.instagram.com/spdde/
► Facebook: https://www.facebook.com/SPD
► Twitter: https://twitter.com/spdde
► WhatsApp: https://www.spd.de/unterstuetzen/whatsapp

#SPD
"
YSY_Y-W0bzE,303,2021-03-07,@spdde,https://www.youtube.com/watch?v=YSY_Y-W0bzE,"
    Saskia Esken am Ende der Veranstaltung ""Mehr Gleichstellung – aus Respekt""

    ----------------------------------------

    Wir wollen mit Dir gemeinsam #ErsteSein für mehr Gleichstellung – aus Respekt. Am 6. März hat SPD-Kanzlerkandidat Olaf Scholz seine Ideen für mehr Gleichstellung im 21. Jahrhundert vorgestellt. Wir haben viele spannende Gespräche mit der Autorin Jagoda Marinic, der Rapperin Reyhan Sahin aka Lady Bitch Ray und vielen mehr geführt. Hier die Abschlussworte der Parteivorsitzenden.
Mehr: https://frauentag.spd.de
"
9SOg30njTs8,330,2021-03-06,@spdde,https://www.youtube.com/watch?v=9SOg30njTs8,"
    Olaf Scholz: Mehr Gleichstellung – aus Respekt

    ----------------------------------------

    Wir wollen mit Dir gemeinsam #ErsteSein für mehr Gleichstellung – aus Respekt. SPD-Kanzlerkandidat Olaf Scholz hat am 6. März seine Ideen für mehr Gleichstellung im 21. Jahrhundert vorgestellt. Jetzt anschauen!
Weitere Infos zur Veranstaltung: https://frauentag.spd.de/
"
_RaoXZpFjDQ,1014,2018-04-22,@spdde,https://www.youtube.com/watch?v=_RaoXZpFjDQ,"
Eröffnung von Thorsten Schäfer-Gümbel

----------------------------------------

Am 22. April beraten wir, wie wir als SPD gemeinsam in die Zukunft gehen. Alle sind herzlich eingeladen, sich mit ihren Ideen für eine starke Sozialdemokratie im 21. Jahrhundert einzubringen. Es geht um neue Antworten auf die großen Herausforderungen unserer Zeit, die wir im Dialog miteinander finden wollen. Auf dem Parteitag setzen wir dafür das Startsignal, beschließen ein neues Arbeitsprogramm und wählen eine neue Parteivorsitzende.
"
0ru4vBGX0fk,291,2022-11-06,@spdde,https://www.youtube.com/watch?v=0ru4vBGX0fk,"
Debattenkonvent 2022 | Mission demokratische Digitalisierung

----------------------------------------

Als nächste Mission für eine gerechte Transformation wird der digitale Wandel beraten. Die SPD will die Digitalisierung demokratisch gestalten. Was das konkret heißt, stellt SPD-Chefin Saskia Esken vor. „Wir wollen, dass die Dividende der Digitalisierung bei den Menschen, vor allem bei den Beschäftigten, ankommt.“ Es geht um eine Digitalisierung, die der Emanzipation und Selbstbestimmung der Menschen, ihrer Vernetzung und dem gesellschaftlichen Zusammenhalt dient und zugleich sozial gerecht abläuft. Eine Digitalisierung, die gute Arbeit schafft. „Technologie ist kein Selbstzweck. Sie muss das Leben der Menschen besser machen – das ist unser Anspruch an die Digitalisierung“, heißt es im Leitantrag.
"
IJ0Xv5_jOEk,1630,2022-03-23,@spdde,https://www.youtube.com/watch?v=IJ0Xv5_jOEk,"
    Kanzler Olaf Scholz: Zeigen, „was wir gemeinsam bewegen können“

    ----------------------------------------

    Ein Staat, der für Sicherheit sorgt – und gleichzeitig in die Zukunft investiert. In der Generaldebatte zu den Haushaltsberatungen im Bundestag hat der Kanzler den Anspruch der Regierung unterstrichen – und zeigte sich überzeugt, dass wir „gestärkt aus der Krise hervorgehen“.
Mehr: https://www.spd.de/aktuelles/detail/news/zeigen-was-wir-gemeinsam-bewegen-koennen/23/3/2022/
Video: Deutscher Bundestag
"
10EK0koDq1I,121,2019-12-10,@spdde,https://www.youtube.com/watch?v=10EK0koDq1I,"
    #SozenLiebe: Schon mal von #SozenLiebe gehört?

    ----------------------------------------

    Markus Lanz sagt: ""Und dann gibt es ERNSTHAFT diesen Hashtag SozenLiebe"". Die FAZ schreibt ""kindisch"".
Wir sagen: Ihr wisst nicht, was wahre SozenLiebe ist!
"
932VhpeJtm4,284,2023-12-08,@spdde,https://www.youtube.com/watch?v=932VhpeJtm4,"
    Rede von Klara Geywitz | SPD-Parteitag 2023

    ----------------------------------------

    Alles zum ordentlichen Bundesparteitag findest du unter https://parteitag.spd.de/.

Wir wollen, dass Deutschland ein starkes, gerechtes Land ist, das den klimaneutralen Umbau meistert. Deshalb legen wir auf unserem Bundesparteitag einen Plan für die Modernisierung unseres Landes vor.

#spdbpt23

▬ Über diesen Kanal ▬▬▬▬▬▬▬▬▬▬▬▬
Die SPD macht Soziale Politik für Dich. Wie genau, das zeigen wir Dir hier auf YouTube. Mit Videos, die unsere aktuellen Gesetzesvorhaben erklären. Außerdem laden wir regelmäßig die besten Reden unserer Spitzenpolitiker*innen hoch.

Jetzt den YouTube-Kanal abonnieren: https://www.youtube.com/c/spdde?sub_confirmation=1

▬ Mehr von der SPD ▬▬▬▬▬▬▬▬▬▬▬▬
Unser Merchandise: https://shop.spd.de/
Unseren Newsletter abonnieren:  https://www.spd.de/newsletter
Jetzt Mitglied werden: https://www.spd.de/unterstuetzen/mitglied-werden

▬ Social Media ▬▬▬▬▬▬▬▬▬▬▬▬
► Instagram: https://www.instagram.com/spdde/
► Facebook: https://www.facebook.com/SPD
► Twitter: https://twitter.com/spdde
► WhatsApp: https://www.spd.de/unterstuetzen/whatsapp

#SPD
"
DRjgF5ghOHM,656,2018-04-22,@spdde,https://www.youtube.com/watch?v=DRjgF5ghOHM,"
Rede von Olaf Scholz

----------------------------------------

Am 22. April beraten wir, wie wir als SPD gemeinsam in die Zukunft gehen. Alle sind herzlich eingeladen, sich mit ihren Ideen für eine starke Sozialdemokratie im 21. Jahrhundert einzubringen. Es geht um neue Antworten auf die großen Herausforderungen unserer Zeit, die wir im Dialog miteinander finden wollen. Auf dem Parteitag setzen wir dafür das Startsignal, beschließen ein neues Arbeitsprogramm und wählen eine neue Parteivorsitzende.
"
Uz9ZzBDQDKE,1807,2023-09-06,@spdde,https://www.youtube.com/watch?v=Uz9ZzBDQDKE,"
    Lars Klingbeils Rede beim politischen Gillamoos 2023

    ----------------------------------------

    Unser Parteivorsitzender Lars Klingbeil hat seine erste Rede beim politischen Gillamoos gehalten. Er hat klargemacht: Wir müssen mit der richtigen Haltung in die Zukunft gehen. Wir müssen anpacken und nicht meckern. Wir als SPD stehen bei den Menschen, und wir schaffen gute Rahmenbedingungen dafür, dass sich Deutschland aus der Krise herausarbeitet.

▬ Über diesen Kanal ▬▬▬▬▬▬▬▬▬▬▬▬
Die SPD macht Soziale Politik für Dich. Wie genau, das zeigen wir Dir hier auf YouTube. Mit Videos, die unsere aktuellen Gesetzesvorhaben erklären. Außerdem laden wir regelmäßig die besten Reden unserer Spitzenpolitiker*innen hoch.

Jetzt den YouTube-Kanal abonnieren: https://www.youtube.com/c/spdde?sub_confirmation=1

▬ Mehr von der SPD ▬▬▬▬▬▬▬▬▬▬▬▬
Unser Merchandise: https://shop.spd.de/
Unseren Newsletter abonnieren:  https://www.spd.de/newsletter
Jetzt Mitglied werden: https://www.spd.de/unterstuetzen/mitglied-werden

▬ Social Media ▬▬▬▬▬▬▬▬▬▬▬▬
► Instagram: https://www.instagram.com/spdde/
► Facebook: https://www.facebook.com/SPD
► Twitter: https://twitter.com/spdde
► Telegram: https://telegram.me/SPD_Bund_bot

#SPD
"
R6i5nJUrXz4,92,2018-03-19,@spdde,https://www.youtube.com/watch?v=R6i5nJUrXz4,"
Justizministerin Katarina Barley stellt sich vor

----------------------------------------

Eine erfolgreiche Juristin wird Justizministerin: Katarina Barley stellt sich vor. Mehr zu unseren Ministerinnen und Ministern: https://www.spd.de/partei/personen/unserteam/
"
BuzHacPSBEg,214,2018-04-22,@spdde,https://www.youtube.com/watch?v=BuzHacPSBEg,"
Redebeitrag von Lars Klingbeil

----------------------------------------

Am 22. April beraten wir, wie wir als SPD gemeinsam in die Zukunft gehen. Alle sind herzlich eingeladen, sich mit ihren Ideen für eine starke Sozialdemokratie im 21. Jahrhundert einzubringen. Es geht um neue Antworten auf die großen Herausforderungen unserer Zeit, die wir im Dialog miteinander finden wollen. Auf dem Parteitag setzen wir dafür das Startsignal, beschließen ein neues Arbeitsprogramm und wählen eine neue Parteivorsitzende.
"
VDBkpTBDws4,337,2022-11-06,@spdde,https://www.youtube.com/watch?v=VDBkpTBDws4,"
Debattenkonvent 2022 | Tobias Schick

----------------------------------------

Wir leben in schwierigen Zeiten – betont Tobias Schick, der designierte Cottbuser Oberbürgermeister in seiner Rede. Für die Zukunft wünscht er sich vier Dinge: 1. Klare Kommunikation: Die Bürger*innen müssen die Projekte der Politik besser verstehen: Was bedeuten sie für ihren Alltag? Die Politik muss ihre Sprache präziser verfassen, damit die Kommunikation miteinander gelingt. | 2. Mehr Fairness: Wir müssen die Menschen ernst nehmen und anerkennen, was sie geleistet haben. | 3. Identitäten integrieren: Wir müssen Menschen mit anderen Identitäten integrieren – generationsübergreifend. | 4. Alltag verbessern: Der Strukturwandel muss im Alltag für die Bürger*innen erlebbar werden. Wir müssen ihren Alltag ernst nehmen und verbessern.
"
xSd2erjJeaY,3695,2018-11-11,@spdde,https://www.youtube.com/watch?v=xSd2erjJeaY,"
    Was kommt nach Hartz IV?

    ----------------------------------------

    Mit Detlef Scheele, Georg Cremer, Daniela Kolbe, Gerhard Bäcker, Gabriele Gröschl-Bahr

Die Arbeitsmarktreformen in Deutschland stellten den Versuch dar, allen Erwerbsfähigen den Zugang zum Arbeitsmarkt zu vermitteln. Heute haben wir Arbeitskräftemangel und dennoch viele Menschen, die viele Jahre Hartz-IV-Leistungen beziehen. Wir müssen darüber nachdenken, wie wir Grundsicherungsbedürftigkeit und Hartz-IV-Bezug wieder zur Ausnahme machen können.
"
QaOgq_7sZe0,766,2023-05-23,@spdde,https://www.youtube.com/watch?v=QaOgq_7sZe0,"
    Kevin Kühnert | Fortschritt braucht Gerechtigkeit – seit 160 Jahren Ideen für morgen

    ----------------------------------------

    SPD-Generalsekretär Kevin Kühnert begrüßt zum Jubiläums-Event der SPD ""Fortschritt braucht Gerechtigkeit – seit 160 Jahren Ideen für morgen"". Mehr: https://www.spd.de/160-jahre

▬ Über diesen Kanal ▬▬▬▬▬▬▬▬▬▬▬▬
Die SPD macht Soziale Politik für Dich. Wie genau, das zeigen wir Dir hier auf YouTube. Mit Videos, die unsere aktuellen Gesetzesvorhaben erklären. Außerdem laden wir regelmäßig die besten Reden unserer Spitzenpolitiker*innen hoch.

Jetzt den YouTube-Kanal abonnieren: https://www.youtube.com/c/spdde?sub_confirmation=1

▬ Mehr von der SPD ▬▬▬▬▬▬▬▬▬▬▬▬
Unser Merchandise: https://shop.spd.de/
Unseren Newsletter abonnieren:  https://www.spd.de/newsletter
Jetzt Mitglied werden: https://www.spd.de/unterstuetzen/mitglied-werden

▬ Social Media ▬▬▬▬▬▬▬▬▬▬▬▬
► Instagram: https://www.instagram.com/spdde/
► Facebook: https://www.facebook.com/SPD
► Twitter: https://twitter.com/spdde
► Telegram: https://telegram.me/SPD_Bund_bot

#SPD
"
G4tlxFolJgw,114,2021-12-04,@spdde,https://www.youtube.com/watch?v=G4tlxFolJgw,"
Svenja Schulze beim Sonderparteitag der SPD

----------------------------------------


"
yXoFYZoJHFo,752,2022-11-05,@spdde,https://www.youtube.com/watch?v=yXoFYZoJHFo,"
Debattenkonvent 2022 |  Begrüßung von Kevin Kühnert

----------------------------------------


"
SKG5hFrI8ns,711,2022-07-10,@spdde,https://www.youtube.com/watch?v=SKG5hFrI8ns,"
    Ihr habt gefragt, Kevin antwortet: So entlasten wir Bürgerinnen und Bürger!

    ----------------------------------------

    Die Inflation bereitet vielen Menschen schlaflose Nächte. Die Angst, Rechnungen wegen der steigenden Preise nicht zahlen zu können, ist groß. Unser Bundeskanzler Olaf Scholz hat deshalb die „Konzertierte Aktion“ ins Leben gerufen, um langfristige Lösungen für die Bürgerinnen und Bürger zu schaffen. Neben diesen langfristigen Zielen sind aber auch kurzfristige Entlastungen, vor allem für Familien sowie Bürgerinnen und Bürger mit geringem Einkommen, wichtig. Die Bundesregierung hat zwei Entlastungspakete von über 30 Millionen Euro auf den Weg gebracht, die jetzt nach und nach auf den Konten der Menschen landen.

Wir wissen aber: Zu den Entlastungspaketen gibt es viele Fragen. Die nehmen wir wahr und ernst. Deshalb hat unser Generalsekretär Kevin Kühnert bereits viele Gespräche mit euch zu diesem Thema geführt. Außerdem haben wir euch erneut gebeten, uns eure Fragen zuzuschicken. Einige davon beantwortet Kevin Kühnert in diesem Video.

Du hast auch eine Frage zu den Entlastungen, die noch nicht beantwortet wurde? Dann schreib sie gerne in die Kommentare. Dir gefällt das Video? Dann schenke uns einen Daumen hoch.

👉 00:00 Was wird getan, wenn die Preise hoch bleiben?
👉 02:22 Wie sollen Hartz-IV-Bezieher über die Runden kommen?
👉 04:13 Warum wird so breit entlastet & nicht zielgerichteter?
👉 06:31 Was ist mit den Rentnern?
👉 08:20 Wie verbindet ihr Sozialpolitik mit Klimapolitik?
👉 10:40 Wird die EEG-Umlage vom Stromanbieter abgezogen?
"
RwcFl1jR0lE,421,2023-12-08,@spdde,https://www.youtube.com/watch?v=RwcFl1jR0lE,"
    Kai Niebert | SPD-Parteitag 2023

    ----------------------------------------

    Alles zum ordentlichen Bundesparteitag findest du unter https://parteitag.spd.de/.

Wir wollen, dass Deutschland ein starkes, gerechtes Land ist, das den klimaneutralen Umbau meistert. Deshalb legen wir auf unserem Bundesparteitag einen Plan für die Modernisierung unseres Landes vor.

#spdbpt23

▬ Über diesen Kanal ▬▬▬▬▬▬▬▬▬▬▬▬
Die SPD macht Soziale Politik für Dich. Wie genau, das zeigen wir Dir hier auf YouTube. Mit Videos, die unsere aktuellen Gesetzesvorhaben erklären. Außerdem laden wir regelmäßig die besten Reden unserer Spitzenpolitiker*innen hoch.

Jetzt den YouTube-Kanal abonnieren: https://www.youtube.com/c/spdde?sub_confirmation=1

▬ Mehr von der SPD ▬▬▬▬▬▬▬▬▬▬▬▬
Unser Merchandise: https://shop.spd.de/
Unseren Newsletter abonnieren:  https://www.spd.de/newsletter
Jetzt Mitglied werden: https://www.spd.de/unterstuetzen/mitglied-werden

▬ Social Media ▬▬▬▬▬▬▬▬▬▬▬▬
► Instagram: https://www.instagram.com/spdde/
► Facebook: https://www.facebook.com/SPD
► Twitter: https://twitter.com/spdde
► WhatsApp: https://www.spd.de/unterstuetzen/whatsapp

#SPD
"
3Eg1fanxgOE,1935,2022-11-23,@spdde,https://www.youtube.com/watch?v=3Eg1fanxgOE,"
    Kanzler Scholz: „Wir halten unser Land zusammen – und lassen niemanden zurück“

    ----------------------------------------

    „Diese Bundesregierung redet nicht nur, sondern handelt“ – bei Reformen, Entlastungen, der Energie- und der Sicherheitspolitik. Bundeskanzler Olaf Scholz zieht in der Haushaltsrede eine Bilanz der Regierungspolitik der vergangenen Monate. Deutschland habe die Krise im Griff.

Mehr: https://www.spd.de/aktuelles/detail/news/wir-halten-unser-land-zusammen/23/11/2022/

Video: Deutscher Bundestag
"
q22kpXpIwIQ,1509,2021-12-11,@spdde,https://www.youtube.com/watch?v=q22kpXpIwIQ,"
    „Wir sind eine SPD“ | Rede von Lars Klingbeil auf dem Bundesparteitag 2021

    ----------------------------------------

    Rede des designierten Parteivorsitzenden Lars Klingbeil.
Alles zum ordentlichen Bundesparteitag findest Du unter https://parteitag.spd.de/.

Kapitel
00:00 Intro-Video
00:43 Rede
"
Xk6z5A1Mq8M,1837,2023-05-21,@spdde,https://www.youtube.com/watch?v=Xk6z5A1Mq8M,"
    Katarina Barley | „16 Frauen aus 16 Jahrzehnten – prägende Sozialdemokratinnen aus 160 Jahren“

    ----------------------------------------

    Katarina Barley spricht bei der Matinee zur Eröffnung der Ausstellung „16 Frauen aus 16 Jahrzehnten – prägende Sozialdemokratinnen aus 160 Jahren“. Mehr erfahren: https://www.spd.de/160-jahre/

▬ Über diesen Kanal ▬▬▬▬▬▬▬▬▬▬▬▬
Die SPD macht Soziale Politik für Dich. Wie genau, das zeigen wir Dir hier auf YouTube. Mit Videos, die unsere aktuellen Gesetzesvorhaben erklären. Außerdem laden wir regelmäßig die besten Reden unserer Spitzenpolitiker*innen hoch.

Jetzt den YouTube-Kanal abonnieren: https://www.youtube.com/c/spdde?sub_confirmation=1

▬ Mehr von der SPD ▬▬▬▬▬▬▬▬▬▬▬▬
Unser Merchandise: https://shop.spd.de/
Unseren Newsletter abonnieren:  https://www.spd.de/newsletter
Jetzt Mitglied werden: https://www.spd.de/unterstuetzen/mitglied-werden

▬ Social Media ▬▬▬▬▬▬▬▬▬▬▬▬
► Instagram: https://www.instagram.com/spdde/
► Facebook: https://www.facebook.com/SPD
► Twitter: https://twitter.com/spdde
► Telegram: https://telegram.me/SPD_Bund_bot

#SPD
"
PDkpVyBQcDU,149,2018-03-19,@spdde,https://www.youtube.com/watch?v=PDkpVyBQcDU,"
Familienministerin Franziska Giffey stellt sich vor

----------------------------------------

Vom Rathaus Neukölln ins Familienministerium: Franziska Giffey stellt sich vor. Mehr zu unseren Ministerinnen und Ministern: https://www.spd.de/partei/personen/unserteam/
"
qXe3uDF_mQc,3215,2018-11-12,@spdde,https://www.youtube.com/watch?v=qXe3uDF_mQc,"
    Globalisierung geht auch gerecht: In Zeiten des sozial-ökologischen Wandels

    ----------------------------------------

    Mit Kajsa Borgnäs, Sabine Minninger, Dirk Messner

Ökologische Schieflagen, die Bereicherung Weniger auf Kosten Vieler, ökonomische Krisen … Wie bringen wir das Recht auf ein menschenwürdiges Leben für alle mit den Belastungsgrenzen unseres Planeten in Einklang? Der sozial-ökologische Wandel in Deutschland und weltweit muss uns gelingen – eine Kernaufgabe der SPD in den kommenden Jahrzehnten.
"
A6j50X1Fpo4,109,2019-06-20,@spdde,https://www.youtube.com/watch?v=A6j50X1Fpo4,"
Lars Klingbeil dankt Euch

----------------------------------------

Eine Woche lang hatten die SPD-Mitglieder Zeit, ihre Ideen zu schicken, wie sich die Mitglieder aktiv an der Wahl des oder der neuen Parteivorsitzenden beteiligen sollen. Das Interesse war enorm, über 23.000 Vorschläge haben den Parteivorstand erreicht. Hinzu kamen weitere Rückmeldungen aus den Gliederungen, Landesverbänden, Unterbezirken, Ortsvereinen.
"
XRywtYC6mqg,116,2023-06-12,@spdde,https://www.youtube.com/watch?v=XRywtYC6mqg,"
    Wilhelm-Dröscher-Preis 2023: Erster Preis für das Reparaturcafé Hamburg-Harburg

    ----------------------------------------

    Der Wilhelm-Dröscher-Preis 2023 wurde am 23. Mai 2023 im Willy-Brandt-Haus vergeben.

Erster Preis: Reparaturcafé Hamburg-Harburg
Zweiter Preis: Netzwerk Feministische Außenpolitik
Zweiter Preis: Projekt ""Gemeinsam, nachhaltig und resilient leben auf Emst""

▬ Über diesen Kanal ▬▬▬▬▬▬▬▬▬▬▬▬
Die SPD macht Soziale Politik für Dich. Wie genau, das zeigen wir Dir hier auf YouTube. Mit Videos, die unsere aktuellen Gesetzesvorhaben erklären. Außerdem laden wir regelmäßig die besten Reden unserer Spitzenpolitiker*innen hoch.

Jetzt den YouTube-Kanal abonnieren: https://www.youtube.com/c/spdde?sub_confirmation=1

▬ Mehr von der SPD ▬▬▬▬▬▬▬▬▬▬▬▬
Unser Merchandise: https://shop.spd.de/
Unseren Newsletter abonnieren:  https://www.spd.de/newsletter
Jetzt Mitglied werden: https://www.spd.de/unterstuetzen/mitglied-werden

▬ Social Media ▬▬▬▬▬▬▬▬▬▬▬▬
► Instagram: https://www.instagram.com/spdde/
► Facebook: https://www.facebook.com/SPD
► Twitter: https://twitter.com/spdde
► Telegram: https://telegram.me/SPD_Bund_bot

#SPD
"
kw_fh7fJW_I,133,2020-03-09,@spdde,https://www.youtube.com/watch?v=kw_fh7fJW_I,"
    Norbert Walter-Borjans zum Koalitionsausschuss

    ----------------------------------------

    Eine rasche Unterstützung für besonders schutzbedürftige Kinder in griechischen Flüchtlingslagern, Handlungsfähigkeit bei Corona und Schutz von Arbeitsplätzen, dauerhafte Investitionen auf hohem Niveau für Zukunft und Zusammenhalt - SPD-Chef Norbert Walter-Borjans fasst die Ergebnisse des Koalitionsausschusses zusammen.

Mehr: https://www.spd.de/aktuelles/koalitionsausschuss-20200308/
"
MTZoGVjH5Cc,95,2021-05-30,@spdde,https://www.youtube.com/watch?v=MTZoGVjH5Cc,"
    Ostkonvent 2021. Für Ostdeutschland. Für Dich. Die SPD Thüringen stellt sich vor.

    ----------------------------------------

    Die SPD steht für Respekt in jeder Hinsicht. Wo andere nur blumige Versprechen hinterlassen, wollen wir hinschauen und anpacken. Ob bei der Sorge vor Altersarmut, dem nächsten Arzttermin, gerechten Löhnen oder sicheren Arbeitsbedingungen – die SPD kämpft für den Osten. Nach 158 Jahren gilt für uns unverändert und verlässlich: Miteinander füreinander. Wir als SPD wissen das. Unsere Botschaften sind aber noch nicht überall bekannt.

Deshalb wollen wir am 30. Mai in Halle dafür sorgen, dass alle Wähler*innen wissen, warum sie am 6. Juni und am 26. September ihre Kreuze bei der SPD machen sollen. Olaf Scholz, Katja Pähle, Franziska Giffey und Georg Maier kennen die tatsächlichen Probleme im Alltag der Bürger*innen in diesem Land. Ob Rostock, Magdeburg oder Bautzen – unser Zukunftsprogramm rollt die Ärmel hoch und packt die Herausforderungen des Ostens beherzt an.

Mehr erfahren unter https://www.spd.de/ostkonvent/
"
4g3PUypHx1Q,84,2018-03-26,@spdde,https://www.youtube.com/watch?v=4g3PUypHx1Q,"
Svenja Schulze stellt sich vor

----------------------------------------

Mit Leidenschaft für unsere Natur ins Ministerium für Umwelt, Naturschutz und nukleare Sicherheit: Svenja Schulze stellt sich vor.
"
Cf5oA6nSR9o,152,2018-11-17,@spdde,https://www.youtube.com/watch?v=Cf5oA6nSR9o,"
SPD Debattencamp - Rückblick

----------------------------------------

Es könnte jedes Wochenende Debattencampwochenende sein. Geht leider nicht, aber weil es so schön war, hier ein kleiner Rückblick.
"
fuY2jYTJoj0,4376,2021-03-07,@spdde,https://www.youtube.com/watch?v=fuY2jYTJoj0,"
    Talk #ErsteSein für faire Entlohnung und Sorgearbeit

    ----------------------------------------

    Wir wollen mit Dir gemeinsam #ErsteSein für eine faire Entlohnung und eine gerechtere Verteilung der Sorgearbeit zwischen Frauen und Männern. Darum ging es beim Talk der SPD-Vize Klara Gleywitz mit Barbara Gorgs, Verkäuferin im Einzelhandel, Betriebsrätin und Gewerkschafterin sowie mit Sascha Verlan. Der Autor, Herausgeber und Journalist ist Mitinitiator des Equal Care Day, ein Aktionstag, der auf die mangelnde Wertschätzung und unfaire Verteilung von Fürsorgearbeit aufmerksam macht.

Mehr Infos: https://frauentag.spd.de
"
hlEpqP2vZZM,313,2023-12-10,@spdde,https://www.youtube.com/watch?v=hlEpqP2vZZM,"
Schlusswort von Kevin Kühnert | SPD-Parteitag 2023

----------------------------------------

Alles zum ordentlichen Bundesparteitag findest du unter https://parteitag.spd.de/.
"
